Series_Title,Released_Year,Runtime,Genre,IMDB_Rating,Director,Star1,Star2,Star3,Star4,No_of_Votes,Gross,Spanish name,Filmaffinity link,Filmaffinity score,Filmaffinity votes
The Godfather: Part II,1974,202,"Crime, Drama",9.0,Francis Ford Coppola,Al Pacino,Robert De Niro,Robert Duvall,Diane Keaton,1129952,"57,300,000",El padrino: Parte II,https://www.filmaffinity.com/es/search.php?stext=el+padrino:+parte+ii,8.9,137632
Schindler's List,1993,195,"Biography, Drama, History",8.9,Steven Spielberg,Liam Neeson,Ralph Fiennes,Ben Kingsley,Caroline Goodall,1213505,"96,898,818",La lista de Schindler,https://www.filmaffinity.com/es/search.php?stext=la+lista+de+schindler,8.6,173247
"Il buono, il brutto, il cattivo",1966,161,Western,8.8,Sergio Leone,Clint Eastwood,Eli Wallach,Lee Van Cleef,Aldo GiuffrÃÂ¨,688390,"6,100,000","El bueno, el feo y el malo","https://www.filmaffinity.com/es/search.php?stext=el+bueno,+el+feo+y+el+malo",8.2,66207
Star Wars: Episode V - The Empire Strikes Back,1980,124,"Action, Adventure, Fantasy",8.7,Irvin Kershner,Mark Hamill,Harrison Ford,Carrie Fisher,Billy Dee Williams,1159315,"290,475,067",El Imperio contraataca,https://www.filmaffinity.com/es/film605090.html,8.1,135508
Gisaengchung,2019,132,"Comedy, Drama, Thriller",8.6,Bong Joon Ho,Kang-ho Song,Lee Sun-kyun,Cho Yeo-jeong,Choi Woo-sik,552778,"53,367,844",ParÃ¡sitos,https://www.filmaffinity.com/es/film520465.html,8.0,58296
Cidade de Deus,2002,130,"Crime, Drama",8.6,Fernando Meirelles,KÃÂ¡tia Lund,Alexandre Rodrigues,Leandro Firmino,Matheus Nachtergaele,699256,"7,563,397",Ciudad de Dios,https://www.filmaffinity.com/es/film412004.html,8.4,126231
Sen to Chihiro no kamikakushi,2001,125,"Animation, Adventure, Family",8.6,Hayao Miyazaki,Daveigh Chase,Suzanne Pleshette,Miyu Irino,Rumi Hiiragi,651376,"10,055,859",El viaje de Chihiro,https://www.filmaffinity.com/es/film759533.html,8.1,111416
The Green Mile,1999,189,"Crime, Drama, Fantasy",8.6,Frank Darabont,Tom Hanks,Michael Clarke Duncan,David Morse,Bonnie Hunt,1147794,"136,801,374",La milla verde,https://www.filmaffinity.com/es/film463120.html,7.9,107260
The Silence of the Lambs,1991,118,"Crime, Drama, Thriller",8.6,Jonathan Demme,Jodie Foster,Anthony Hopkins,Lawrence A. Bonney,Kasi Lemmons,1270197,"130,742,922","""Page to Screen"" The Silence of the Lambs",https://www.filmaffinity.com/es/film768790.html,8.2,173009
Shichinin no samurai,1954,207,"Action, Adventure, Drama",8.6,Akira Kurosawa,ToshirÃÂ´ Mifune,Takashi Shimura,Keiko Tsushima,Yukiko Shimazaki,315744,"269,061",Los siete samurÃ¡is,https://www.filmaffinity.com/es/film168398.html,8.4,42115
The Intouchables,2011,112,"Biography, Comedy, Drama",8.5,Olivier Nakache,ÃÂric Toledano,FranÃÂ§ois Cluzet,Omar Sy,Anne Le Ny,760360,"13,182,281",Intocable,https://www.filmaffinity.com/es/film217719.html,8.0,108726
The Prestige,2006,130,"Drama, Mystery, Sci-Fi",8.5,Christopher Nolan,Christian Bale,Hugh Jackman,Scarlett Johansson,Michael Caine,1190259,"53,089,891",El truco final,https://www.filmaffinity.com/es/film343841.html,7.4,95186
American History X,1998,119,Drama,8.5,Tony Kaye,Edward Norton,Edward Furlong,Beverly D'Angelo,Jennifer Lien,1034705,"6,719,864",American History X,https://www.filmaffinity.com/es/search.php?stext=american+history+x,8.3,151124
Nuovo Cinema Paradiso,1988,155,"Drama, Romance",8.5,Giuseppe Tornatore,Philippe Noiret,Enzo Cannavale,Antonella Attili,Isa Danieli,230763,"11,990,401",Cinema Paradiso,https://www.filmaffinity.com/es/search.php?stext=cinema+paradiso,8.3,90848
Ayla: The Daughter of War,2017,125,"Biography, Drama, History",8.4,Can Ulkay,Erdem Can,ÃÂetin Tekindor,Ismail Hacioglu,Kyung-jin Lee,34112,,Ayla: La hija de la guerra,https://www.filmaffinity.com/es/search.php?stext=ayla:+la+hija+de+la+guerra,5.9,311
Kimi no na wa.,2016,106,"Animation, Drama, Fantasy",8.4,Makoto Shinkai,RyÃÂ»nosuke Kamiki,Mone Kamishiraishi,RyÃÂ´ Narita,Aoi YÃÂ»ki,194838,"5,017,246",Your Name.,https://www.filmaffinity.com/es/film307521.html,7.8,25854
Spider-Man: Into the Spider-Verse,2018,117,"Animation, Action, Adventure",8.4,Bob Persichetti,Peter Ramsey,Rodney Rothman,Shameik Moore,Jake Johnson,375110,"190,241,310",Spider-Man: Un nuevo universo,https://www.filmaffinity.com/es/search.php?stext=spider-man:+un+nuevo+universo,7.6,26493
Avengers: Endgame,2019,181,"Action, Adventure, Drama",8.4,Anthony Russo,Joe Russo,Robert Downey Jr.,Chris Evans,Mark Ruffalo,809955,"858,373,000",Vengadores: Endgame,https://www.filmaffinity.com/es/search.php?stext=vengadores:+endgame,7.3,37596
Avengers: Infinity War,2018,149,"Action, Adventure, Sci-Fi",8.4,Anthony Russo,Joe Russo,Robert Downey Jr.,Chris Hemsworth,Mark Ruffalo,834477,"678,815,482",Vengadores: Infinity War,https://www.filmaffinity.com/es/film827414.html,7.5,42811
3 Idiots,2009,170,"Comedy, Drama",8.4,Rajkumar Hirani,Aamir Khan,Madhavan,Mona Singh,Sharman Joshi,344445,"6,532,908",3 Idiots,https://www.filmaffinity.com/es/film591163.html,7.5,2802
Taare Zameen Par,2007,165,"Drama, Family",8.4,Aamir Khan,Amole Gupte,Darsheel Safary,Aamir Khan,Tisca Chopra,168895,"1,223,869",Taare Zameen Par,https://www.filmaffinity.com/es/search.php?stext=taare+zameen+par,7.5,1480
Oldeuboi,2003,101,"Action, Drama, Mystery",8.4,Chan-wook Park,Choi Min-sik,Yoo Ji-Tae,Kang Hye-jeong,Kim Byeong-Ok,515451,"707,481",Old Boy,https://www.filmaffinity.com/es/film930503.html,5.3,8454
Mononoke-hime,1997,134,"Animation, Action, Adventure",8.4,Hayao Miyazaki,YÃÂ´ji Matsuda,Yuriko Ishida,YÃÂ»ko Tanaka,Billy Crudup,343171,"2,375,308",La princesa Mononoke,https://www.filmaffinity.com/es/film890814.html,8.0,68589
Once Upon a Time in America,1984,229,"Crime, Drama",8.4,Sergio Leone,Robert De Niro,James Woods,Elizabeth McGovern,Treat Williams,311365,"5,321,508",Ãrase una vez en AmÃ©rica,https://www.filmaffinity.com/es/film421564.html,8.3,56637
Dr. Strangelove or: How I Learned to Stop Worrying and Love the Bomb,1964,95,Comedy,8.4,Stanley Kubrick,Peter Sellers,George C. Scott,Sterling Hayden,Keenan Wynn,450474,"275,902",Â¿TelÃ©fono rojo? Volamos hacia MoscÃº,https://www.filmaffinity.com/es/film479847.html,7.9,47817
The Great Dictator,1940,125,"Comedy, Drama, War",8.4,Charles Chaplin,Charles Chaplin,Paulette Goddard,Jack Oakie,Reginald Gardiner,203150,"288,475",El gran dictador,https://www.filmaffinity.com/es/search.php?stext=el+gran+dictador,8.6,85117
Tumbbad,2018,104,"Drama, Fantasy, Horror",8.3,Rahi Anil Barve,Anand Gandhi,Adesh Prasad,Sohum Shah,Jyoti Malshe,27793,,Tumbbad,https://www.filmaffinity.com/es/search.php?stext=tumbbad,5.9,239
Andhadhun,2018,139,"Crime, Drama, Music",8.3,Sriram Raghavan,Ayushmann Khurrana,Tabu,Radhika Apte,Anil Dhawan,71875,"1,373,943",Andhadhun,https://www.filmaffinity.com/es/search.php?stext=andhadhun,6.3,143
Jodaeiye Nader az Simin,2011,123,Drama,8.3,Asghar Farhadi,Payman Maadi,Leila Hatami,Sareh Bayat,Shahab Hosseini,220002,"7,098,492","Nader y Simin, una separaciÃ³n","https://www.filmaffinity.com/es/search.php?stext=nader+y+simin,+una+separaciÃ³n",7.7,17934
Babam ve Oglum,2005,112,"Drama, Family",8.3,ÃÂagan Irmak,ÃÂetin Tekindor,Fikret Kuskan,HÃÂ¼meyra,Ege Tanman,78925,,Mi padre y mi hijo,https://www.filmaffinity.com/es/search.php?stext=mi+padre+y+mi+hijo,6.8,219
Good Will Hunting,1997,126,"Drama, Romance",8.3,Gus Van Sant,Robin Williams,Matt Damon,Ben Affleck,Stellan SkarsgÃÂ¥rd,861606,"138,433,435",El indomable Will Hunting,https://www.filmaffinity.com/es/search.php?stext=el+indomable+will+hunting,7.5,104248
Bacheha-Ye aseman,1997,89,"Drama, Family, Sport",8.3,Majid Majidi,Mohammad Amir Naji,Amir Farrokh Hashemian,Bahare Seddiqi,Nafise Jafar-Mohammadi,65341,"933,933",Children of Heaven,https://www.filmaffinity.com/es/film291595.html,7.8,3278
Full Metal Jacket,1987,116,"Drama, War",8.3,Stanley Kubrick,Matthew Modine,R. Lee Ermey,Vincent D'Onofrio,Adam Baldwin,675146,"46,357,676",La chaqueta metÃ¡lica,https://www.filmaffinity.com/es/search.php?stext=la+chaqueta+metÃ¡lica,8.2,121519
A Clockwork Orange,1971,136,"Crime, Drama, Sci-Fi",8.3,Stanley Kubrick,Malcolm McDowell,Patrick Magee,Michael Bates,Warren Clarke,757904,"6,207,725",La naranja mecÃ¡nica,https://www.filmaffinity.com/es/film745383.html,8.2,167129
2001: A Space Odyssey,1968,149,"Adventure, Sci-Fi",8.3,Stanley Kubrick,Keir Dullea,Gary Lockwood,William Sylvester,Daniel Richter,603517,"56,954,992",2001: Una odisea del espacio,https://www.filmaffinity.com/es/search.php?stext=2001:+una+odisea+del+espacio,7.8,114084
North by Northwest,1959,136,"Adventure, Mystery, Thriller",8.3,Alfred Hitchcock,Cary Grant,Eva Marie Saint,James Mason,Jessie Royce Landis,299198,"13,275,000",Con la muerte en los talones,https://www.filmaffinity.com/es/search.php?stext=con+la+muerte+en+los+talones,8.2,69178
Singin' in the Rain,1952,103,"Comedy, Musical, Romance",8.3,Stanley Donen,Gene Kelly,Gene Kelly,Donald O'Connor,Debbie Reynolds,218957,"8,819,028",Cantando bajo la lluvia,https://www.filmaffinity.com/es/search.php?stext=cantando+bajo+la+lluvia,8.1,47443
Ladri di biciclette,1948,89,Drama,8.3,Vittorio De Sica,Lamberto Maggiorani,Enzo Staiola,Lianella Carell,Elena Altieri,146427,"332,930",LadrÃ³n de bicicletas,https://www.filmaffinity.com/es/search.php?stext=ladrÃ³n+de+bicicletas,8.3,35534
Uri: The Surgical Strike,2018,138,"Action, Drama, War",8.2,Aditya Dhar,Vicky Kaushal,Paresh Rawal,Mohit Raina,Yami Gautam,43444,"4,186,168",Uri: The Surgical Strike,https://www.filmaffinity.com/es/search.php?stext=uri:+the+surgical+strike,5.8,54
Green Book,2018,130,"Biography, Comedy, Drama",8.2,Peter Farrelly,Viggo Mortensen,Mahershala Ali,Linda Cardellini,Sebastian Maniscalco,377884,"85,080,171",Green Book,https://www.filmaffinity.com/es/film710220.html,7.6,47455
"Three Billboards Outside Ebbing, Missouri",2017,115,"Comedy, Crime, Drama",8.2,Martin McDonagh,Frances McDormand,Woody Harrelson,Sam Rockwell,Caleb Landry Jones,432610,"54,513,740",Tres anuncios en las afueras,https://www.filmaffinity.com/es/search.php?stext=tres+anuncios+en+las+afueras,7.6,49630
Talvar,2015,132,"Crime, Drama, Mystery",8.2,Meghna Gulzar,Irrfan Khan,Konkona Sen Sharma,Neeraj Kabi,Sohum Shah,31142,"342,370",Talvar,https://www.filmaffinity.com/es/search.php?stext=talvar,6.3,133
Baahubali 2: The Conclusion,2017,167,"Action, Drama",8.2,S.S. Rajamouli,Prabhas,Rana Daggubati,Anushka Shetty,Tamannaah Bhatia,75348,"20,186,659","Baahubali 2, la conclusiÃ³n","https://www.filmaffinity.com/es/search.php?stext=baahubali+2,+la+conclusiÃ³n",6.9,302
Mandariinid,2013,87,"Drama, War",8.2,Zaza Urushadze,Lembit Ulfsak,Elmo NÃÂ¼ganen,Giorgi Nakashidze,Misha Meskhi,40382,"144,501",Mandarinas,https://www.filmaffinity.com/es/search.php?stext=mandarinas,7.5,9710
Gangs of Wasseypur,2012,321,"Action, Comedy, Crime",8.2,Anurag Kashyap,Manoj Bajpayee,Richa Chadha,Nawazuddin Siddiqui,Tigmanshu Dhulia,82365,,Gangs of Wasseypur,https://www.filmaffinity.com/es/film174560.html,6.2,666
El secreto de sus ojos,2009,129,"Drama, Mystery, Romance",8.2,Juan JosÃÂ© Campanella,Ricardo DarÃÂ­n,Soledad Villamil,Pablo Rago,Carla Quevedo,193217,"6,391,436",El secreto de sus ojos,https://www.filmaffinity.com/es/search.php?stext=el+secreto+de+sus+ojos,8.1,85502
Chak De! India,2007,153,"Drama, Family, Sport",8.2,Shimit Amin,Shah Rukh Khan,Vidya Malvade,Sagarika Ghatge,Shilpa Shukla,74129,"1,113,541",Chak De! India,https://www.filmaffinity.com/es/search.php?stext=chak+de!+india,6.4,75
Pan's Labyrinth,2006,118,"Drama, Fantasy, War",8.2,Guillermo del Toro,Ivana Baquero,Ariadna Gil,Sergi LÃÂ³pez,Maribel VerdÃÂº,618623,"37,634,615",El laberinto del fauno,https://www.filmaffinity.com/es/film977734.html,7.2,118320
V for Vendetta,2005,132,"Action, Drama, Sci-Fi",8.2,James McTeigue,Hugo Weaving,Natalie Portman,Rupert Graves,Stephen Rea,1032749,"70,511,035",V de Vendetta,https://www.filmaffinity.com/es/search.php?stext=v+de+vendetta,7.5,130200
Rang De Basanti,2006,167,"Comedy, Crime, Drama",8.2,Rakeysh Omprakash Mehra,Aamir Khan,Soha Ali Khan,Siddharth,Sharman Joshi,111937,"2,197,331",Rang De Basanti,https://www.filmaffinity.com/es/search.php?stext=rang+de+basanti,6.3,149
"Swades: We, the People",2004,210,Drama,8.2,Ashutosh Gowariker,Shah Rukh Khan,Gayatri Joshi,Kishori Ballal,Smit Sheth,83005,"1,223,240","Swades: We, the People","https://www.filmaffinity.com/es/search.php?stext=swades:+we,+the+people",6.6,107
Hauru no ugoku shiro,2004,119,"Animation, Adventure, Family",8.2,Hayao Miyazaki,Chieko BaishÃÂ´,Takuya Kimura,Tatsuya GashÃÂ»in,Akihiro Miwa,333915,"4,711,096",El castillo ambulante,https://www.filmaffinity.com/es/search.php?stext=el+castillo+ambulante,7.8,58534
Eskiya,1996,128,"Crime, Drama, Thriller",8.2,Yavuz Turgul,Sener Sen,Ugur YÃÂ¼cel,Sermin HÃÂ¼rmeriÃÂ§,Yesim Salkim,64118,,Eskiya,https://www.filmaffinity.com/es/search.php?stext=eskiya,6.6,126
Andaz Apna Apna,1994,160,"Action, Comedy, Romance",8.2,Rajkumar Santoshi,Aamir Khan,Salman Khan,Raveena Tandon,Karisma Kapoor,49300,,Andaz Apna Apna,https://www.filmaffinity.com/es/search.php?stext=andaz+apna+apna,6.0,22
Tonari no Totoro,1988,86,"Animation, Family, Fantasy",8.2,Hayao Miyazaki,Hitoshi Takagi,Noriko Hidaka,Chika Sakamoto,Shigesato Itoi,291180,"1,105,564",Mi vecino Totoro,https://www.filmaffinity.com/es/search.php?stext=mi+vecino+totoro,7.7,47413
Monty Python and the Holy Grail,1975,91,"Adventure, Comedy, Fantasy",8.2,Terry Gilliam,Terry Jones,Graham Chapman,John Cleese,Eric Idle,500875,"1,229,197",Los caballeros de la mesa cuadrada y sus locos seguidores,https://www.filmaffinity.com/es/search.php?stext=los+caballeros+de+la+mesa+cuadrada+y+sus+locos+seguidores,7.4,46390
To Kill a Mockingbird,1962,129,"Crime, Drama",8.2,Robert Mulligan,Gregory Peck,John Megna,Frank Overton,Rosemary Murphy,293811,,Matar a un ruiseÃ±or,https://www.filmaffinity.com/es/search.php?stext=matar+a+un+ruiseÃ±or,8.3,48101
Det sjunde inseglet,1957,96,"Drama, Fantasy, History",8.2,Ingmar Bergman,Max von Sydow,Gunnar BjÃÂ¶rnstrand,Bengt Ekerot,Nils Poppe,164939,,El sÃ©ptimo sello,https://www.filmaffinity.com/es/film723978.html,8.1,34592
Du rififi chez les hommes,1955,118,"Crime, Drama, Thriller",8.2,Jules Dassin,Jean Servais,Carl MÃÂ¶hner,Robert Manuel,Janine Darcey,28810,"57,226",Rififi,https://www.filmaffinity.com/es/film482723.html,8.0,6307
Portrait de la jeune fille en feu,2019,122,"Drama, Romance",8.1,CÃÂ©line Sciamma,NoÃÂ©mie Merlant,AdÃÂ¨le Haenel,LuÃÂ na Bajrami,Valeria Golino,63134,"3,759,854",Retrato de una mujer en llamas,https://www.filmaffinity.com/es/search.php?stext=retrato+de+una+mujer+en+llamas,7.4,10821
Koe no katachi,2016,130,"Animation, Drama, Family",8.1,Naoko Yamada,Miyu Irino,Saori Hayami,Aoi YÃÂ»ki,KenshÃÂ´ Ono,47708,,A Silent Voice,https://www.filmaffinity.com/es/search.php?stext=a+silent+voice,7.2,5610
Ah-ga-ssi,2016,145,"Drama, Romance, Thriller",8.1,Chan-wook Park,Kim Min-hee,Jung-woo Ha,Cho Jin-woong,Moon So-Ri,113649,"2,006,788",La doncella,https://www.filmaffinity.com/es/film948449.html,7.6,15088
Relatos salvajes,2014,122,"Comedy, Drama, Thriller",8.1,DamiÃÂ¡n Szifron,DarÃÂ­o Grandinetti,MarÃÂ­a Marull,MÃÂ³nica Villa,Diego Starosta,177059,"3,107,072",Relatos salvajes,https://www.filmaffinity.com/es/search.php?stext=relatos+salvajes,7.7,65331
Kis Uykusu,2014,196,Drama,8.1,Nuri Bilge Ceylan,Haluk Bilginer,Melisa SÃÂ¶zen,Demet Akbag,Ayberk Pekcan,46547,"165,520",Winter Sleep,https://www.filmaffinity.com/es/film540382.html,7.3,4258
OMG: Oh My God!,2012,125,"Comedy, Drama, Fantasy",8.1,Umesh Shukla,Paresh Rawal,Akshay Kumar,Mithun Chakraborty,Mahesh Manjrekar,51739,"923,221",OMG: Oh My God!,https://www.filmaffinity.com/es/search.php?stext=omg:+oh+my+god!,6.4,63
The Grand Budapest Hotel,2014,99,"Adventure, Comedy, Crime",8.1,Wes Anderson,Ralph Fiennes,F. Murray Abraham,Mathieu Amalric,Adrien Brody,707630,"59,100,318",El gran hotel Budapest,https://www.filmaffinity.com/es/search.php?stext=el+gran+hotel+budapest,7.2,70768
Barfi!,2012,151,"Comedy, Drama, Romance",8.1,Anurag Basu,Ranbir Kapoor,Priyanka Chopra,Ileana D'Cruz,Saurabh Shukla,75721,"2,804,874",Barfi!,https://www.filmaffinity.com/es/film499907.html,7.2,250
12 Years a Slave,2013,134,"Biography, Drama, History",8.1,Steve McQueen,Chiwetel Ejiofor,Michael Kenneth Williams,Michael Fassbender,Brad Pitt,640533,"56,671,993",12 aÃ±os de esclavitud,https://www.filmaffinity.com/es/search.php?stext=12+aÃ±os+de+esclavitud,7.3,62790
Ford v Ferrari,2019,152,"Action, Biography, Drama",8.1,James Mangold,Matt Damon,Christian Bale,Jon Bernthal,Caitriona Balfe,291289,"117,624,028",Le Mans '66,https://www.filmaffinity.com/es/search.php?stext=le+mans+'66,7.1,18437
Zindagi Na Milegi Dobara,2011,155,"Comedy, Drama",8.1,Zoya Akhtar,Hrithik Roshan,Farhan Akhtar,Abhay Deol,Katrina Kaif,67927,"3,108,485",Zindagi Na Milegi Dobara,https://www.filmaffinity.com/es/search.php?stext=zindagi+na+milegi+dobara,6.1,417
Gran Torino,2008,116,Drama,8.1,Clint Eastwood,Clint Eastwood,Bee Vang,Christopher Carley,Ahney Her,720450,"148,095,302",Gran Torino,https://www.filmaffinity.com/es/search.php?stext=gran+torino,8.2,145091
Harry Potter and the Deathly Hallows: Part 2,2011,130,"Adventure, Drama, Fantasy",8.1,David Yates,Daniel Radcliffe,Emma Watson,Rupert Grint,Michael Gambon,764493,"381,011,219",Harry Potter y las Reliquias de la Muerte - Parte 2,https://www.filmaffinity.com/es/search.php?stext=harry+potter+y+las+reliquias+de+la+muerte+-+parte+2,7.0,66706
Okuribito,2008,130,"Drama, Music",8.1,YÃÂ´jirÃÂ´ Takita,Masahiro Motoki,RyÃÂ´ko Hirosue,Tsutomu Yamazaki,Kazuko Yoshiyuki,48582,"1,498,210",Despedidas,https://www.filmaffinity.com/es/film892791.html,7.6,11158
Hachi: A Dog's Tale,2009,93,"Biography, Drama, Family",8.1,Lasse HallstrÃÂ¶m,Richard Gere,Joan Allen,Cary-Hiroyuki Tagawa,Sarah Roemer,253575,,Siempre a tu lado,https://www.filmaffinity.com/es/film994598.html,7.1,25404
Mary and Max,2009,92,"Animation, Comedy, Drama",8.1,Adam Elliot,Toni Collette,Philip Seymour Hoffman,Eric Bana,Barry Humphries,164462,,Mary and Max,https://www.filmaffinity.com/es/search.php?stext=mary+and+max,8.1,23599
Lage Raho Munna Bhai,2006,144,"Comedy, Drama, Romance",8.1,Rajkumar Hirani,Sanjay Dutt,Arshad Warsi,Vidya Balan,Boman Irani,43137,"2,217,561",Lage Raho Munna Bhai,https://www.filmaffinity.com/es/search.php?stext=lage+raho+munna+bhai,6.5,22
Hotel Rwanda,2004,121,"Biography, Drama, History",8.1,Terry George,Don Cheadle,Sophie Okonedo,Joaquin Phoenix,Xolani Mali,334320,"23,530,892",Hotel Rwanda,https://www.filmaffinity.com/es/search.php?stext=hotel+rwanda,7.6,41428
Taegukgi hwinalrimyeo,2004,140,"Action, Drama, War",8.1,Je-kyu Kang,Jang Dong-Gun,Won Bin,Eun-ju Lee,Hyeong-jin Kong,37820,"1,111,061",Lazos de guerra,https://www.filmaffinity.com/es/search.php?stext=lazos+de+guerra,7.2,5413
Munna Bhai M.B.B.S.,2003,156,"Comedy, Drama, Musical",8.1,Rajkumar Hirani,Sanjay Dutt,Arshad Warsi,Gracy Singh,Sunil Dutt,73992,,Munna Bhai M.B.B.S.,https://www.filmaffinity.com/es/search.php?stext=munna+bhai+m.b.b.s.,6.5,65
Salinui chueok,2003,131,"Crime, Drama, Mystery",8.1,Bong Joon Ho,Kang-ho Song,Kim Sang-kyung,Roe-ha Kim,Jae-ho Song,139558,"14,131",Memories of Murder,https://www.filmaffinity.com/es/search.php?stext=memories+of+murder,7.6,22313
Dil Chahta Hai,2001,183,"Comedy, Drama, Romance",8.1,Farhan Akhtar,Aamir Khan,Saif Ali Khan,Akshaye Khanna,Preity Zinta,66803,"300,000",Dil Chahta Hai,https://www.filmaffinity.com/es/search.php?stext=dil+chahta+hai,6.2,78
Kill Bill: Vol. 1,2003,111,"Action, Crime, Drama",8.1,Quentin Tarantino,Uma Thurman,David Carradine,Daryl Hannah,Michael Madsen,1000639,"70,099,045",Kill Bill: Volumen 1,https://www.filmaffinity.com/es/film655763.html,6.1,45
Amores perros,2000,154,"Drama, Thriller",8.1,Alejandro G. IÃÂ±ÃÂ¡rritu,Emilio EchevarrÃÂ­a,Gael GarcÃÂ­a Bernal,Goya Toledo,ÃÂlvaro Guerrero,223741,"5,383,834",Amores perros,https://www.filmaffinity.com/es/film769597.html,7.7,75370
Lagaan: Once Upon a Time in India,2001,224,"Adventure, Drama, Musical",8.1,Ashutosh Gowariker,Aamir Khan,Raghuvir Yadav,Gracy Singh,Rachel Shelley,105036,"70,147",Lagaan: Ãrase una vez en la India,https://www.filmaffinity.com/es/search.php?stext=lagaan:+Ã©rase+una+vez+en+la+india,7.0,1139
La leggenda del pianista sull'oceano,1998,169,"Drama, Music, Romance",8.1,Giuseppe Tornatore,Tim Roth,Pruitt Taylor Vince,MÃÂ©lanie Thierry,Bill Nunn,59020,"259,127",La leyenda del pianista en el ocÃ©ano,https://www.filmaffinity.com/es/search.php?stext=la+leyenda+del+pianista+en+el+ocÃ©ano,7.3,6910
The Truman Show,1998,103,"Comedy, Drama",8.1,Peter Weir,Jim Carrey,Ed Harris,Laura Linney,Noah Emmerich,939631,"125,618,201",El show de Truman,https://www.filmaffinity.com/es/search.php?stext=el+show+de+truman,7.7,123625
"Crna macka, beli macor",1998,127,"Comedy, Crime, Romance",8.1,Emir Kusturica,Bajram Severdzan,Srdjan 'Zika' Todorovic,Branka Katic,Florijan Ajdini,50862,"348,660","Gato negro, gato blanco","https://www.filmaffinity.com/es/search.php?stext=gato+negro,+gato+blanco",7.6,17681
The Big Lebowski,1998,117,"Comedy, Crime, Sport",8.1,Joel Coen,Ethan Coen,Jeff Bridges,John Goodman,Julianne Moore,732620,"17,498,804",El gran Lebowski,https://www.filmaffinity.com/es/film237285.html,7.6,118639
Trois couleurs: Rouge,1994,99,"Drama, Mystery, Romance",8.1,Krzysztof Kieslowski,IrÃÂ¨ne Jacob,Jean-Louis Trintignant,FrÃÂ©dÃÂ©rique Feder,Jean-Pierre Lorit,90729,"4,043,686",Tres colores: Rojo,https://www.filmaffinity.com/es/search.php?stext=tres+colores:+rojo,7.7,19789
Chung Hing sam lam,1994,102,"Comedy, Crime, Drama",8.1,Kar-Wai Wong,Brigitte Lin,Takeshi Kaneshiro,Tony Chiu-Wai Leung,Faye Wong,63122,"600,200",Chungking Express,https://www.filmaffinity.com/es/search.php?stext=chungking+express,7.5,13171
"Paris, Texas",1984,145,Drama,8.1,Wim Wenders,Harry Dean Stanton,Nastassja Kinski,Dean Stockwell,Aurore ClÃÂ©ment,91188,"2,181,987","Paris, Texas",https://www.filmaffinity.com/es/film595430.html,7.8,34318
Kaze no tani no Naushika,1984,117,"Animation, Adventure, Fantasy",8.1,Hayao Miyazaki,Sumi Shimamoto,Mahito Tsujimura,Hisako KyÃÂ´da,GorÃÂ´ Naya,150924,"495,770",NausicaÃ¤ del Valle del Viento,https://www.filmaffinity.com/es/search.php?stext=nausicaÃ¤+del+valle+del+viento,7.6,20196
Pink Floyd: The Wall,1982,95,"Drama, Fantasy, Music",8.1,Alan Parker,Bob Geldof,Christine Hargreaves,James Laurenson,Eleanor David,76081,"22,244,207",Pink Floyd: The Wall,https://www.filmaffinity.com/es/film352368.html,7.8,23375
Fitzcarraldo,1982,158,"Adventure, Drama",8.1,Werner Herzog,Klaus Kinski,Claudia Cardinale,JosÃÂ© Lewgoy,Miguel ÃÂngel Fuentes,31595,,Fitzcarraldo,https://www.filmaffinity.com/es/search.php?stext=fitzcarraldo,7.5,8009
Barry Lyndon,1975,185,"Adventure, Drama, History",8.1,Stanley Kubrick,Ryan O'Neal,Marisa Berenson,Patrick Magee,Hardy KrÃÂ¼ger,149843,,Barry Lyndon,https://www.filmaffinity.com/es/film921503.html,7.9,35048
Viskningar och rop,1972,91,Drama,8.1,Ingmar Bergman,Harriet Andersson,Liv Ullmann,Kari Sylwan,Ingrid Thulin,30206,"1,742,348",Gritos y susurros,https://www.filmaffinity.com/es/search.php?stext=gritos+y+susurros,7.8,9153
Cool Hand Luke,1967,127,"Crime, Drama",8.1,Stuart Rosenberg,Paul Newman,George Kennedy,Strother Martin,J.D. Cannon,161984,"16,217,773",La leyenda del indomable,https://www.filmaffinity.com/es/search.php?stext=la+leyenda+del+indomable,7.9,18971
Andrei Rublev,1966,205,"Biography, Drama, History",8.1,Andrei Tarkovsky,Anatoliy Solonitsyn,Ivan Lapikov,Nikolay Grinko,Nikolay Sergeev,46947,"102,021",Andrei Rublev,https://www.filmaffinity.com/es/film763373.html,8.0,5619
La battaglia di Algeri,1966,121,"Drama, War",8.1,Gillo Pontecorvo,Brahim Hadjadj,Jean Martin,Yacef Saadi,Samia Kerbash,53089,"55,908",La batalla de Argel,https://www.filmaffinity.com/es/search.php?stext=la+batalla+de+argel,8.0,5980
Sanjuro,1962,96,"Action, Comedy, Crime",8.1,Akira Kurosawa,ToshirÃÂ´ Mifune,Tatsuya Nakadai,Keiju Kobayashi,YÃÂ»nosuke ItÃÂ´,33044,,Sanjuro,https://www.filmaffinity.com/es/film471432.html,7.7,4098
Ivanovo detstvo,1962,95,"Drama, War",8.1,Andrei Tarkovsky,Eduard Abalov,Nikolay Burlyaev,Valentin Zubkov,Evgeniy Zharikov,31728,,La infancia de IvÃ¡n,https://www.filmaffinity.com/es/search.php?stext=la+infancia+de+ivÃ¡n,7.8,6937
Les quatre cents coups,1959,99,"Crime, Drama",8.1,FranÃÂ§ois Truffaut,Jean-Pierre LÃÂ©aud,Albert RÃÂ©my,Claire Maurier,Guy Decomble,105291,,Los cuatrocientos golpes,https://www.filmaffinity.com/es/search.php?stext=los+cuatrocientos+golpes,8.1,31550
Kakushi-toride no san-akunin,1958,139,"Adventure, Drama",8.1,Akira Kurosawa,ToshirÃÂ´ Mifune,Misa Uehara,Minoru Chiaki,Kamatari Fujiwara,34797,,La fortaleza escondida,https://www.filmaffinity.com/es/search.php?stext=la+fortaleza+escondida,7.6,5538
Le notti di Cabiria,1957,110,Drama,8.1,Federico Fellini,Giulietta Masina,FranÃÂ§ois PÃÂ©rier,Franca Marzi,Dorian Gray,42940,"752,045",Las noches de Cabiria,https://www.filmaffinity.com/es/search.php?stext=las+noches+de+cabiria,8.2,8214
The Bridge on the River Kwai,1957,161,"Adventure, Drama, War",8.1,David Lean,William Holden,Alec Guinness,Jack Hawkins,Sessue Hayakawa,203463,"44,908,000",El puente sobre el rÃ­o Kwai,https://www.filmaffinity.com/es/film344734.html,7.8,49627
Le salaire de la peur,1953,131,"Adventure, Drama, Thriller",8.1,Henri-Georges Clouzot,Yves Montand,Charles Vanel,Peter van Eyck,Folco Lulli,54588,,El salario del miedo,https://www.filmaffinity.com/es/search.php?stext=el+salario+del+miedo,8.1,9332
The Shop Around the Corner,1940,99,"Comedy, Drama, Romance",8.1,Ernst Lubitsch,Margaret Sullavan,James Stewart,Frank Morgan,Joseph Schildkraut,28450,"203,300",El bazar de las sorpresas,https://www.filmaffinity.com/es/search.php?stext=el+bazar+de+las+sorpresas,8.0,11952
La Grande Illusion,1937,113,"Drama, War",8.1,Jean Renoir,Jean Gabin,Dita Parlo,Pierre Fresnay,Erich von Stroheim,33829,"172,885",La gran ilusiÃ³n,https://www.filmaffinity.com/es/film926754.html,6.3,29
La passion de Jeanne d'Arc,1928,110,"Biography, Drama, History",8.1,Carl Theodor Dreyer,Maria Falconetti,Eugene Silvain,AndrÃÂ© Berley,Maurice Schutz,47676,"21,877",La pasiÃ³n de Juana de Arco,https://www.filmaffinity.com/es/search.php?stext=la+pasiÃ³n+de+juana+de+arco,8.3,9841
Sunrise: A Song of Two Humans,1927,94,"Drama, Romance",8.1,F.W. Murnau,George O'Brien,Janet Gaynor,Margaret Livingston,Bodil Rosing,46865,"539,540",Amanecer,https://www.filmaffinity.com/es/film830168.html,6.6,60644
Das Cabinet des Dr. Caligari,1920,76,"Fantasy, Horror, Mystery",8.1,Robert Wiene,Werner Krauss,Conrad Veidt,Friedrich Feher,Lil Dagover,57428,,El gabinete del Dr. Caligari,https://www.filmaffinity.com/es/film446167.html,8.1,20002
Bajrangi Bhaijaan,2015,163,"Action, Adventure, Comedy",8.0,Kabir Khan,Salman Khan,Harshaali Malhotra,Nawazuddin Siddiqui,Kareena Kapoor,72245,"8,178,001",Bajrangi Bhaijaan,https://www.filmaffinity.com/es/search.php?stext=bajrangi+bhaijaan,7.2,195
Kaguyahime no monogatari,2013,137,"Animation, Adventure, Drama",8.0,Isao Takahata,ChloÃÂ« Grace Moretz,James Caan,Mary Steenburgen,James Marsden,38746,"1,506,975",El cuento de la princesa Kaguya,https://www.filmaffinity.com/es/search.php?stext=el+cuento+de+la+princesa+kaguya,7.6,8692
Gully Boy,2019,154,"Drama, Music, Romance",8.0,Zoya Akhtar,Vijay Varma,Nakul Roshan Sahdev,Ranveer Singh,Vijay Raaz,31886,"5,566,534",Gully Boy,https://www.filmaffinity.com/es/search.php?stext=gully+boy,6.6,42
Short Term 12,2013,96,Drama,8.0,Destin Daniel Cretton,Brie Larson,Frantz Turner,John Gallagher Jr.,Kaitlyn Dever,81770,"1,010,414",Short Term 12,https://www.filmaffinity.com/es/film395771.html,7.2,8727
Serbuan maut 2: Berandal,2014,150,"Action, Crime, Thriller",8.0,Gareth Evans,Iko Uwais,Yayan Ruhian,Arifin Putra,Oka Antara,114316,"2,625,803",Redada asesina 2,https://www.filmaffinity.com/es/search.php?stext=redada+asesina+2,7.0,8087
Darbareye Elly,2009,119,"Drama, Mystery",8.0,Asghar Farhadi,Golshifteh Farahani,Shahab Hosseini,Taraneh Alidoosti,Merila Zare'i,45803,"106,662",A propÃ³sito de Elly,https://www.filmaffinity.com/es/search.php?stext=a+propÃ³sito+de+elly,7.3,3455
Dev.D,2009,144,"Drama, Romance",8.0,Anurag Kashyap,Abhay Deol,Mahie Gill,Kalki Koechlin,Dibyendu Bhattacharya,28749,"10,950",Dev.D,https://www.filmaffinity.com/es/film127092.html,6.2,37
Nefes: Vatan Sagolsun,2009,128,"Action, Drama, Thriller",8.0,Levent Semerci,Erdem Can,Mete Horozoglu,Ilker Kizmaz,Baris Bagci,31838,,Nefes: Vatan Sagolsun,https://www.filmaffinity.com/es/search.php?stext=nefes:+vatan+sagolsun,6.3,99
Persepolis,2007,96,"Animation, Biography, Drama",8.0,Vincent Paronnaud,Marjane Satrapi,Chiara Mastroianni,Catherine Deneuve,Gena Rowlands,88656,"4,445,756",PersÃ©polis,https://www.filmaffinity.com/es/film144674.html,7.8,43285
Dallas Buyers Club,2013,117,"Biography, Drama",8.0,Jean-Marc VallÃÂ©e,Matthew McConaughey,Jennifer Garner,Jared Leto,Steve Zahn,441614,"27,298,285",Dallas Buyers Club,https://www.filmaffinity.com/es/search.php?stext=dallas+buyers+club,7.5,54611
The Pursuit of Happyness,2006,117,"Biography, Drama",8.0,Gabriele Muccino,Will Smith,Thandie Newton,Jaden Smith,Brian Howe,448930,"163,566,459",En busca de la felicidad,https://www.filmaffinity.com/es/film294674.html,7.5,82691
Blood Diamond,2006,143,"Adventure, Drama, Thriller",8.0,Edward Zwick,Leonardo DiCaprio,Djimon Hounsou,Jennifer Connelly,Kagiso Kuypers,499439,"57,366,262",Diamante de sangre,https://www.filmaffinity.com/es/search.php?stext=diamante+de+sangre,7.3,74382
The Bourne Ultimatum,2007,115,"Action, Mystery, Thriller",8.0,Paul Greengrass,Matt Damon,Edgar RamÃÂ­rez,Joan Allen,Julia Stiles,604694,"227,471,070",El ultimÃ¡tum de Bourne,https://www.filmaffinity.com/es/search.php?stext=el+ultimÃ¡tum+de+bourne,7.2,81052
Bin-jip,2004,88,"Crime, Drama, Romance",8.0,Ki-duk Kim,Seung-Yun Lee,Hee Jae,Hyuk-ho Kwon,Jin-mo Joo,50610,"238,507",Hierro 3,https://www.filmaffinity.com/es/film477052.html,7.7,31962
Le scaphandre et le papillon,2007,112,"Biography, Drama",8.0,Julian Schnabel,Laura Obiols,Mathieu Amalric,Emmanuelle Seigner,Marie-JosÃÂ©e Croze,103284,"5,990,075",La escafandra y la mariposa,https://www.filmaffinity.com/es/search.php?stext=la+escafandra+y+la+mariposa,7.4,19057
G.O.R.A.,2004,127,"Adventure, Comedy, Sci-Fi",8.0,ÃÂmer Faruk Sorak,Cem Yilmaz,ÃÂzge ÃÂzberk,Ozan GÃÂ¼ven,Safak Sezer,56960,,G.O.R.A.,https://www.filmaffinity.com/es/film787002.html,5.0,76
Kill Bill: Vol. 2,2004,137,"Action, Crime, Thriller",8.0,Quentin Tarantino,Uma Thurman,David Carradine,Michael Madsen,Daryl Hannah,683900,"66,208,183",Kill Bill: Volumen 2,https://www.filmaffinity.com/es/film966880.html,6.3,33
Kal Ho Naa Ho,2003,186,"Comedy, Drama, Musical",8.0,Nikkhil Advani,Preity Zinta,Shah Rukh Khan,Saif Ali Khan,Jaya Bachchan,63460,"1,787,378",Kal Ho Naa Ho,https://www.filmaffinity.com/es/search.php?stext=kal+ho+naa+ho,6.9,168
Mou gaan dou,2002,101,"Action, Crime, Drama",8.0,Andrew Lau,Alan Mak,Andy Lau,Tony Chiu-Wai Leung,Anthony Chau-Sang Wong,117857,"169,659",Juego sucio,https://www.filmaffinity.com/es/film282021.html,6.7,240
Dogville,2003,178,"Crime, Drama",8.0,Lars von Trier,Nicole Kidman,Paul Bettany,Lauren Bacall,Harriet Andersson,137963,"1,530,386",Dogville,https://www.filmaffinity.com/es/film573847.html,7.5,67943
Vizontele,2001,110,"Comedy, Drama",8.0,Yilmaz Erdogan,ÃÂmer Faruk Sorak,Yilmaz Erdogan,Demet Akbag,Altan Erkekli,33592,,Vizontele,https://www.filmaffinity.com/es/film782844.html,6.2,52
Dancer in the Dark,2000,140,"Crime, Drama, Musical",8.0,Lars von Trier,BjÃÂ¶rk,Catherine Deneuve,David Morse,Peter Stormare,102285,"4,184,036",Bailar en la oscuridad,https://www.filmaffinity.com/es/search.php?stext=bailar+en+la+oscuridad,7.6,47748
The Straight Story,1999,112,"Biography, Drama",8.0,David Lynch,Richard Farnsworth,Sissy Spacek,Jane Galloway Heitz,Joseph A. Carpenter,82002,"6,203,044",The Straight Story: Una historia verdadera,https://www.filmaffinity.com/es/search.php?stext=the+straight+story:+una+historia+verdadera,7.8,41986
Central do Brasil,1998,110,Drama,8.0,Walter Salles,Fernanda Montenegro,VinÃÂ­cius de Oliveira,MarÃÂ­lia PÃÂªra,Soia Lira,36419,"5,595,428",EstaciÃ³n central de Brasil,https://www.filmaffinity.com/es/search.php?stext=estaciÃ³n+central+de+brasil,7.6,14394
Knockin' on Heaven's Door,1997,87,"Action, Crime, Comedy",8.0,Thomas Jahn,Til Schweiger,Jan Josef Liefers,Thierry van Werveke,Moritz Bleibtreu,27721,"3,296",Llamando a las puertas,https://www.filmaffinity.com/es/film960912.html,7.3,6479
Twelve Monkeys,1995,129,"Mystery, Sci-Fi, Thriller",8.0,Terry Gilliam,Bruce Willis,Madeleine Stowe,Brad Pitt,Joseph Melito,578443,"57,141,459",12 monos,https://www.filmaffinity.com/es/film486826.html,7.4,118519
JFK,1991,189,"Drama, History, Thriller",8.0,Oliver Stone,Kevin Costner,Gary Oldman,Jack Lemmon,Walter Matthau,142110,"70,405,498",JFK,https://www.filmaffinity.com/es/film136930.html,6.3,140
Dances with Wolves,1990,181,"Adventure, Drama, Western",8.0,Kevin Costner,Kevin Costner,Mary McDonnell,Graham Greene,Rodney A. Grant,240266,"184,208,848","""History Buffs"" Dances with Wolves",https://www.filmaffinity.com/es/film239359.html,7.4,87876
Rain Man,1988,133,Drama,8.0,Barry Levinson,Dustin Hoffman,Tom Cruise,Valeria Golino,Gerald R. Molen,473064,"178,800,000",Rain Man,https://www.filmaffinity.com/es/film579520.html,7.4,87473
Au revoir les enfants,1987,104,"Drama, War",8.0,Louis Malle,Gaspard Manesse,Raphael FejtÃÂ¶,Francine Racette,Stanislas CarrÃÂ© de Malberg,31163,"4,542,825","AdiÃ³s, muchachos",https://www.filmaffinity.com/es/film671403.html,7.8,15045
Annie Hall,1977,93,"Comedy, Romance",8.0,Woody Allen,Woody Allen,Diane Keaton,Tony Roberts,Carol Kane,251823,"39,200,000",Annie Hall,https://www.filmaffinity.com/es/film487991.html,8.0,72269
Il conformista,1970,113,Drama,8.0,Bernardo Bertolucci,Jean-Louis Trintignant,Stefania Sandrelli,Gastone Moschin,Enzo Tarascio,27067,"541,940",El conformista,https://www.filmaffinity.com/es/search.php?stext=el+conformista,7.4,3545
Butch Cassidy and the Sundance Kid,1969,110,"Biography, Crime, Drama",8.0,George Roy Hill,Paul Newman,Robert Redford,Katharine Ross,Strother Martin,201888,"102,308,889",Dos hombres y un destino,https://www.filmaffinity.com/es/film376708.html,7.9,37320
Who's Afraid of Virginia Woolf?,1966,131,Drama,8.0,Mike Nichols,Elizabeth Taylor,Richard Burton,George Segal,Sandy Dennis,68926,,Â¿QuiÃ©n teme a Virginia Woolf?,https://www.filmaffinity.com/es/film969127.html,7.7,7151
Per un pugno di dollari,1964,99,"Action, Drama, Western",8.0,Sergio Leone,Clint Eastwood,Gian Maria VolontÃÂ¨,Marianne Koch,Wolfgang Lukschy,198219,"14,500,000",Por un puÃ±ado de dÃ³lares,https://www.filmaffinity.com/es/search.php?stext=por+un+puÃ±ado+de+dÃ³lares,7.6,28646
Vivre sa vie: Film en douze tableaux,1962,80,Drama,8.0,Jean-Luc Godard,Anna Karina,Sady Rebbot,AndrÃÂ© S. Labarthe,Guylaine Schlumberger,28057,,Vivir su vida,https://www.filmaffinity.com/es/search.php?stext=vivir+su+vida,7.7,7425
The Night of the Hunter,1955,92,"Crime, Drama, Film-Noir",8.0,Charles Laughton,Robert Mitchum,Shelley Winters,Lillian Gish,James Gleason,81980,"654,000",La noche del cazador,https://www.filmaffinity.com/es/film488593.html,8.1,30861
La Strada,1954,108,Drama,8.0,Federico Fellini,Anthony Quinn,Giulietta Masina,Richard Basehart,Aldo Silvani,58314,,La strada,https://www.filmaffinity.com/es/film921210.html,8.2,12678
Les diaboliques,1955,117,"Crime, Drama, Horror",8.0,Henri-Georges Clouzot,Simone Signoret,VÃÂ©ra Clouzot,Paul Meurisse,Charles Vanel,61503,,Las diabÃ³licas,https://www.filmaffinity.com/es/film159554.html,8.0,10395
Kind Hearts and Coronets,1949,106,"Comedy, Crime",8.0,Robert Hamer,Dennis Price,Alec Guinness,Valerie Hobson,Joan Greenwood,34485,,Ocho sentencias de muerte,https://www.filmaffinity.com/es/search.php?stext=ocho+sentencias+de+muerte,7.6,5272
Bronenosets Potemkin,1925,75,"Drama, History, Thriller",8.0,Sergei M. Eisenstein,Aleksandr Antonov,Vladimir Barskiy,Grigoriy Aleksandrov,Ivan Bobrov,53054,"50,970",El acorazado Potemkin,https://www.filmaffinity.com/es/film961390.html,8.0,28389
Manbiki kazoku,2018,121,"Crime, Drama",7.9,Hirokazu Koreeda,Lily Franky,Sakura AndÃÂ´,Kirin Kiki,Mayu Matsuoka,62754,"3,313,513",Un asunto de familia,https://www.filmaffinity.com/es/film213201.html,7.4,10911
Call Me by Your Name,2017,132,"Drama, Romance",7.9,Luca Guadagnino,Armie Hammer,TimothÃÂ©e Chalamet,Michael Stuhlbarg,Amira Casar,212651,"18,095,701",Call Me by Your Name,https://www.filmaffinity.com/es/film850990.html,7.3,27134
"I, Daniel Blake",2016,100,Drama,7.9,Ken Loach,Laura Obiols,Dave Johns,Hayley Squires,Sharon Percy,53818,"258,168","Yo, Daniel Blake","https://www.filmaffinity.com/es/search.php?stext=yo,+daniel+blake",7.2,11526
Hunt for the Wilderpeople,2016,101,"Adventure, Comedy, Drama",7.9,Taika Waititi,Sam Neill,Julian Dennison,Rima Te Wiata,Rachel House,111483,"5,202,582",A la caza de los Ã±umanos,https://www.filmaffinity.com/es/search.php?stext=a+la+caza+de+los+Ã±umanos,6.7,5492
Captain Fantastic,2016,118,"Comedy, Drama",7.9,Matt Ross,Viggo Mortensen,George MacKay,Samantha Isler,Annalise Basso,189400,"5,875,006",Captain Fantastic,https://www.filmaffinity.com/es/search.php?stext=captain+fantastic,7.5,42794
Sing Street,2016,106,"Comedy, Drama, Music",7.9,John Carney,Ferdia Walsh-Peelo,Aidan Gillen,Maria Doyle Kennedy,Jack Reynor,85109,"3,237,118",Sing Street,https://www.filmaffinity.com/es/search.php?stext=sing+street,7.2,15441
Thor: Ragnarok,2017,130,"Action, Adventure, Comedy",7.9,Taika Waititi,Chris Hemsworth,Tom Hiddleston,Cate Blanchett,Mark Ruffalo,587775,"315,058,289",Thor: Ragnarok,https://www.filmaffinity.com/es/search.php?stext=thor:+ragnarok,6.5,30950
Jojo Rabbit,2019,108,"Comedy, Drama, War",7.9,Taika Waititi,Roman Griffin Davis,Thomasin McKenzie,Scarlett Johansson,Taika Waititi,297918,"349,555",Jojo Rabbit,https://www.filmaffinity.com/es/search.php?stext=jojo+rabbit,7.2,31948
Star Wars: Episode VII - The Force Awakens,2015,138,"Action, Adventure, Sci-Fi",7.9,J.J. Abrams,Daisy Ridley,John Boyega,Oscar Isaac,Domhnall Gleeson,860823,"936,662,225",Star Wars: El despertar de la Fuerza,https://www.filmaffinity.com/es/search.php?stext=star+wars:+el+despertar+de+la+fuerza,6.8,63618
X-Men: Days of Future Past,2014,132,"Action, Adventure, Sci-Fi",7.9,Bryan Singer,Patrick Stewart,Ian McKellen,Hugh Jackman,James McAvoy,659763,"233,921,534",X-Men: DÃ­as del futuro pasado,https://www.filmaffinity.com/es/search.php?stext=x-men:+dÃ­as+del+futuro+pasado,6.9,45741
Bir Zamanlar Anadolu'da,2011,157,"Crime, Drama",7.9,Nuri Bilge Ceylan,Muhammet Uzuner,Yilmaz Erdogan,Taner Birsel,Ahmet MÃÂ¼mtaz Taylan,41995,"138,730",Ãrase una vez en Anatolia,https://www.filmaffinity.com/es/search.php?stext=Ã©rase+una+vez+en+anatolia,6.8,1944
Edge of Tomorrow,2014,113,"Action, Adventure, Sci-Fi",7.9,Doug Liman,Tom Cruise,Emily Blunt,Bill Paxton,Brendan Gleeson,600004,"100,206,256",Al filo del maÃ±ana,https://www.filmaffinity.com/es/search.php?stext=al+filo+del+maÃ±ana,6.7,41657
Jab We Met,2007,138,"Comedy, Drama, Romance",7.9,Imtiaz Ali,Shahid Kapoor,Kareena Kapoor,Tarun Arora,Dara Singh,47720,"410,800",Jab We Met,https://www.filmaffinity.com/es/search.php?stext=jab+we+met,6.2,66
In Bruges,2008,107,"Comedy, Crime, Drama",7.9,Martin McDonagh,Colin Farrell,Brendan Gleeson,CiarÃÂ¡n Hinds,Elizabeth Berrington,390334,"7,757,130",Escondidos en Brujas,https://www.filmaffinity.com/es/search.php?stext=escondidos+en+brujas,6.6,33212
The Man from Earth,2007,87,"Drama, Fantasy, Mystery",7.9,Richard Schenkman,David Lee Smith,Tony Todd,John Billingsley,Ellen Crawford,174125,,The Man from Earth,https://www.filmaffinity.com/es/film890034.html,7.5,31393
Letters from Iwo Jima,2006,141,"Action, Adventure, Drama",7.9,Clint Eastwood,Ken Watanabe,Kazunari Ninomiya,Tsuyoshi Ihara,RyÃÂ´ Kase,154011,"13,756,082",Cartas desde Iwo Jima,https://www.filmaffinity.com/es/search.php?stext=cartas+desde+iwo+jima,7.4,51598
C.R.A.Z.Y.,2005,129,"Comedy, Drama",7.9,Jean-Marc VallÃÂ©e,Michel CÃÂ´tÃÂ©,Marc-AndrÃÂ© Grondin,Danielle Proulx,ÃÂmile VallÃÂ©e,31476,,C.R.A.Z.Y.,https://www.filmaffinity.com/es/search.php?stext=c.r.a.z.y.,7.3,14244
Les choristes,2004,97,"Drama, Music",7.9,Christophe Barratier,GÃÂ©rard Jugnot,FranÃÂ§ois BerlÃÂ©and,Jean-Baptiste Maunier,Kad Merad,57430,"3,635,164",Los chicos del coro,https://www.filmaffinity.com/es/film458038.html,7.6,83802
Gegen die Wand,2004,121,"Drama, Romance",7.9,Fatih Akin,Birol ÃÂnel,Sibel Kekilli,GÃÂ¼ven KiraÃÂ§,Zarah Jane McKenzie,51325,,Contra la pared,https://www.filmaffinity.com/es/film602132.html,7.4,12824
Cowboy Bebop: Tengoku no tobira,2001,115,"Animation, Action, Crime",7.9,Shin'ichirÃÂ´ Watanabe,Tensai Okamura,Hiroyuki Okiura,Yoshiyuki Takei,Beau Billingslea,42897,"1,000,045",Cowboy Bebop: La pelÃ­cula,https://www.filmaffinity.com/es/search.php?stext=cowboy+bebop:+la+pelÃ­cula,7.3,6479
Nueve reinas,2000,114,"Crime, Drama, Thriller",7.9,FabiÃÂ¡n Bielinsky,Ricardo DarÃÂ­n,GastÃÂ³n Pauls,Graciela Tenenbaum,MarÃÂ­a Mercedes Villagra,49721,"1,221,261",Nueve reinas,https://www.filmaffinity.com/es/search.php?stext=nueve+reinas,7.8,72713
Boogie Nights,1997,155,Drama,7.9,Paul Thomas Anderson,Mark Wahlberg,Julianne Moore,Burt Reynolds,Luis GuzmÃÂ¡n,239473,"26,400,640",Boogie Nights,https://www.filmaffinity.com/es/search.php?stext=boogie+nights,7.3,24800
Once Were Warriors,1994,102,"Crime, Drama",7.9,Lee Tamahori,Rena Owen,Temuera Morrison,Mamaengaroa Kerr-Bell,Julian Arahanga,31590,"2,201,126",Guerreros de antaÃ±o,https://www.filmaffinity.com/es/search.php?stext=guerreros+de+antaÃ±o,7.1,1908
Trois couleurs: Bleu,1993,94,"Drama, Music, Mystery",7.9,Krzysztof Kieslowski,Juliette Binoche,Zbigniew Zamachowski,Julie Delpy,BenoÃÂ®t RÃÂ©gent,89836,"1,324,974",Tres colores: Azul,https://www.filmaffinity.com/es/search.php?stext=tres+colores:+azul,7.4,42218
Hannah and Her Sisters,1986,107,"Comedy, Drama",7.9,Woody Allen,Mia Farrow,Dianne Wiest,Michael Caine,Barbara Hershey,67176,"40,084,041",Hannah y sus hermanas,https://www.filmaffinity.com/es/search.php?stext=hannah+y+sus+hermanas,7.8,33035
This Is Spinal Tap,1984,82,"Comedy, Music",7.9,Rob Reiner,Rob Reiner,Michael McKean,Christopher Guest,Kimberly Stringer,128812,"188,751",This Is Spinal Tap,https://www.filmaffinity.com/es/search.php?stext=this+is+spinal+tap,7.3,7925
All the President's Men,1976,138,"Biography, Drama, History",7.9,Alan J. Pakula,Dustin Hoffman,Robert Redford,Jack Warden,Martin Balsam,103031,"70,600,000",Todos los hombres del presidente,https://www.filmaffinity.com/es/film780126.html,7.2,12906
Amarcord,1973,123,"Comedy, Drama, Family",7.9,Federico Fellini,Magali NoÃÂ«l,Bruno Zanin,Pupella Maggio,Armando Brancia,39897,,Amarcord,https://www.filmaffinity.com/es/film942205.html,8.0,19270
Le charme discret de la bourgeoisie,1972,102,Comedy,7.9,Luis BuÃÂ±uel,Fernando Rey,Delphine Seyrig,Paul Frankeur,Bulle Ogier,38737,"198,809",El discreto encanto de la burguesÃ­a,https://www.filmaffinity.com/es/search.php?stext=el+discreto+encanto+de+la+burguesÃ­a,7.5,9372
"Aguirre, der Zorn Gottes",1972,95,"Action, Adventure, Biography",7.9,Werner Herzog,Klaus Kinski,Ruy Guerra,Helena Rojo,Del Negro,52397,,"Aguirre, la cÃ³lera de Dios","https://www.filmaffinity.com/es/search.php?stext=aguirre,+la+cÃ³lera+de+dios",7.2,10533
Harold and Maude,1971,91,"Comedy, Drama, Romance",7.9,Hal Ashby,Ruth Gordon,Bud Cort,Vivian Pickles,Cyril Cusack,70826,,Harold y Maude,https://www.filmaffinity.com/es/search.php?stext=harold+y+maude,7.5,7664
Patton,1970,172,"Biography, Drama, War",7.9,Franklin J. Schaffner,George C. Scott,Karl Malden,Stephen Young,Michael Strong,93741,"61,700,000",Patton,https://www.filmaffinity.com/es/film495470.html,7.3,22256
L'avventura,1960,144,"Drama, Mystery",7.9,Michelangelo Antonioni,Gabriele Ferzetti,Monica Vitti,Lea Massari,Dominique Blanchar,26542,,La aventura,https://www.filmaffinity.com/es/film650045.html,4.5,182
Hiroshima mon amour,1959,90,"Drama, Romance",7.9,Alain Resnais,Emmanuelle Riva,Eiji Okada,Stella Dassas,Pierre Barbaud,28421,"88,300","Hiroshima, mon amour","https://www.filmaffinity.com/es/search.php?stext=hiroshima,+mon+amour",7.4,10695
His Girl Friday,1940,92,"Comedy, Drama, Romance",7.9,Howard Hawks,Cary Grant,Rosalind Russell,Ralph Bellamy,Gene Lockhart,53667,"296,000",Luna nueva,https://www.filmaffinity.com/es/film932337.html,4.6,37808
Raazi,2018,138,"Action, Drama, Thriller",7.8,Meghna Gulzar,Alia Bhatt,Vicky Kaushal,Rajit Kapoor,Shishir Sharma,25344,,Raazi,https://www.filmaffinity.com/es/search.php?stext=raazi,6.5,28
Sound of Metal,2019,120,"Drama, Music",7.8,Darius Marder,Riz Ahmed,Olivia Cooke,Paul Raci,Lauren Ridloff,27187,,Sound of Metal,https://www.filmaffinity.com/es/search.php?stext=sound+of+metal,7.0,13879
Forushande,2016,124,Drama,7.8,Asghar Farhadi,Shahab Hosseini,Taraneh Alidoosti,Babak Karimi,Mina Sadati,51240,"2,402,067",El viajante,https://www.filmaffinity.com/es/film950957.html,7.1,8016
Perfetti sconosciuti,2016,96,"Comedy, Drama",7.8,Paolo Genovese,Giuseppe Battiston,Anna Foglietta,Marco Giallini,Edoardo Leo,57168,,Perfetti sconosciuti,https://www.filmaffinity.com/es/search.php?stext=perfetti+sconosciuti,6.9,3629
Hidden Figures,2016,127,"Biography, Drama, History",7.8,Theodore Melfi,Taraji P. Henson,Octavia Spencer,Janelle MonÃÂ¡e,Kevin Costner,200876,"169,607,287",Figuras ocultas,https://www.filmaffinity.com/es/search.php?stext=figuras+ocultas,6.9,17311
Paddington 2,2017,103,"Adventure, Comedy, Family",7.8,Paul King,Ben Whishaw,Hugh Grant,Hugh Bonneville,Sally Hawkins,61594,"40,442,052",Paddington 2,https://www.filmaffinity.com/es/search.php?stext=paddington+2,6.8,2823
Udta Punjab,2016,148,"Action, Crime, Drama",7.8,Abhishek Chaubey,Shahid Kapoor,Alia Bhatt,Kareena Kapoor,Diljit Dosanjh,27175,,Udta Punjab,https://www.filmaffinity.com/es/search.php?stext=udta+punjab,6.3,57
Kubo and the Two Strings,2016,101,"Animation, Action, Adventure",7.8,Travis Knight,Charlize Theron,Art Parkinson,Matthew McConaughey,Ralph Fiennes,118035,"48,023,088",Kubo y las dos cuerdas mÃ¡gicas,https://www.filmaffinity.com/es/search.php?stext=kubo+y+las+dos+cuerdas+mÃ¡gicas,7.2,16259
Manchester by the Sea,2016,137,Drama,7.8,Kenneth Lonergan,Casey Affleck,Michelle Williams,Kyle Chandler,Lucas Hedges,246963,"47,695,120",Manchester frente al mar,https://www.filmaffinity.com/es/search.php?stext=manchester+frente+al+mar,7.1,29462
Rogue One,2016,133,"Action, Adventure, Sci-Fi",7.8,Gareth Edwards,Felicity Jones,Diego Luna,Alan Tudyk,Donnie Yen,556608,"532,177,324",Rogue One: Una historia de Star Wars,https://www.filmaffinity.com/es/search.php?stext=rogue+one:+una+historia+de+star+wars,6.9,45686
Captain America: Civil War,2016,147,"Action, Adventure, Sci-Fi",7.8,Anthony Russo,Joe Russo,Chris Evans,Robert Downey Jr.,Scarlett Johansson,663649,"408,084,349",CapitÃ¡n AmÃ©rica: Civil War,https://www.filmaffinity.com/es/search.php?stext=capitÃ¡n+amÃ©rica:+civil+war,6.8,40159
The Hateful Eight,2015,168,"Crime, Drama, Mystery",7.8,Quentin Tarantino,Samuel L. Jackson,Kurt Russell,Jennifer Jason Leigh,Walton Goggins,517059,"54,117,416",Los odiosos ocho,https://www.filmaffinity.com/es/search.php?stext=los+odiosos+ocho,7.3,62550
Loving Vincent,2017,94,"Animation, Biography, Crime",7.8,Dorota Kobiela,Hugh Welchman,Douglas Booth,Jerome Flynn,Robert Gulaczyk,50778,"6,735,118",Loving Vincent,https://www.filmaffinity.com/es/film302768.html,7.4,8896
Vicky Donor,2012,126,"Comedy, Romance",7.8,Shoojit Sircar,Ayushmann Khurrana,Yami Gautam,Annu Kapoor,Dolly Ahluwalia,39710,"169,209",Vicky Donor,https://www.filmaffinity.com/es/search.php?stext=vicky+donor,5.8,24
English Vinglish,2012,134,"Comedy, Drama, Family",7.8,Gauri Shinde,Sridevi,Adil Hussain,Mehdi Nebbou,Priya Anand,33618,"1,670,773",English Vinglish,https://www.filmaffinity.com/es/search.php?stext=english+vinglish,6.7,85
Toy Story 4,2019,100,"Animation, Adventure, Comedy",7.8,Josh Cooley,Tom Hanks,Tim Allen,Annie Potts,Tony Hale,203177,"434,038,008",Toy Story 4,https://www.filmaffinity.com/es/film160410.html,7.1,26506
La migliore offerta,2013,131,"Crime, Drama, Mystery",7.8,Giuseppe Tornatore,Geoffrey Rush,Jim Sturgess,Sylvia Hoeks,Donald Sutherland,108399,"85,433",La mejor oferta,https://www.filmaffinity.com/es/search.php?stext=la+mejor+oferta,7.1,24341
Moonrise Kingdom,2012,94,"Comedy, Drama, Romance",7.8,Wes Anderson,Jared Gilman,Kara Hayward,Bruce Willis,Bill Murray,318789,"45,512,466",Moonrise Kingdom,https://www.filmaffinity.com/es/film982623.html,7.2,38671
The Big Short,2015,130,"Biography, Comedy, Drama",7.8,Adam McKay,Christian Bale,Steve Carell,Ryan Gosling,Brad Pitt,362942,"70,259,870",La gran apuesta,https://www.filmaffinity.com/es/film774066.html,6.8,33394
Ang-ma-reul bo-at-da,2010,144,"Action, Crime, Drama",7.8,Jee-woon Kim,Lee Byung-Hun,Choi Min-sik,Jeon Gook-Hwan,Ho-jin Chun,111252,"128,392",EncontrÃ© al diablo,https://www.filmaffinity.com/es/search.php?stext=encontrÃ©+al+diablo,7.2,14769
Captain Phillips,2013,134,"Adventure, Biography, Crime",7.8,Paul Greengrass,Tom Hanks,Barkhad Abdi,Barkhad Abdirahman,Catherine Keener,421244,"107,100,855",CapitÃ¡n Phillips,https://www.filmaffinity.com/es/search.php?stext=capitÃ¡n+phillips,7.0,45196
Ajeossi,2010,119,"Action, Crime, Drama",7.8,Jeong-beom Lee,Won Bin,Sae-ron Kim,Tae-hoon Kim,Hee-won Kim,62848,"6,460",El hombre sin pasado,https://www.filmaffinity.com/es/search.php?stext=el+hombre+sin+pasado,6.9,8848
Straight Outta Compton,2015,147,"Biography, Drama, History",7.8,F. Gary Gray,O'Shea Jackson Jr.,Corey Hawkins,Jason Mitchell,Neil Brown Jr.,179264,"161,197,785",Straight Outta Compton,https://www.filmaffinity.com/es/film637318.html,7.0,11507
The Hobbit: The Desolation of Smaug,2013,161,"Adventure, Fantasy",7.8,Peter Jackson,Ian McKellen,Martin Freeman,Richard Armitage,Ken Stott,601408,"258,366,855",El hobbit: La desolaciÃ³n de Smaug,https://www.filmaffinity.com/es/search.php?stext=el+hobbit:+la+desolaciÃ³n+de+smaug,6.7,63337
The Trial of the Chicago 7,2020,129,"Drama, History, Thriller",7.8,Aaron Sorkin,Eddie Redmayne,Alex Sharp,Sacha Baron Cohen,Jeremy Strong,89896,,El juicio de los 7 de Chicago,https://www.filmaffinity.com/es/search.php?stext=el+juicio+de+los+7+de+chicago,7.1,19823
Druk,2020,117,"Comedy, Drama",7.8,Thomas Vinterberg,Mads Mikkelsen,Thomas Bo Larsen,Magnus Millang,Lars Ranthe,33931,,Druk,https://www.filmaffinity.com/es/search.php?stext=druk,7.1,18473
The Boy in the Striped Pyjamas,2008,94,"Drama, History, War",7.8,Mark Herman,Asa Butterfield,David Thewlis,Rupert Friend,Zac Mattoon O'Brien,190748,"9,030,581",El niÃ±o con el pijama de rayas,https://www.filmaffinity.com/es/search.php?stext=el+niÃ±o+con+el+pijama+de+rayas,6.9,61790
Little Miss Sunshine,2006,101,"Comedy, Drama",7.8,Jonathan Dayton,Valerie Faris,Steve Carell,Toni Collette,Greg Kinnear,439856,"59,891,098",PequeÃ±a Miss Sunshine,https://www.filmaffinity.com/es/search.php?stext=pequeÃ±a+miss+sunshine,7.6,107901
Hot Fuzz,2007,121,"Action, Comedy, Mystery",7.8,Edgar Wright,Simon Pegg,Nick Frost,Martin Freeman,Bill Nighy,463466,"23,637,265",Arma fatal,https://www.filmaffinity.com/es/search.php?stext=arma+fatal,6.7,28129
The Curious Case of Benjamin Button,2008,166,"Drama, Fantasy, Romance",7.8,David Fincher,Brad Pitt,Cate Blanchett,Tilda Swinton,Julia Ormond,589160,"127,509,326",El curioso caso de Benjamin Button,https://www.filmaffinity.com/es/search.php?stext=el+curioso+caso+de+benjamin+button,7.2,122172
Veer-Zaara,2004,192,"Drama, Family, Musical",7.8,Yash Chopra,Shah Rukh Khan,Preity Zinta,Rani Mukerji,Kirron Kher,49050,"2,921,738",Veer-Zaara,https://www.filmaffinity.com/es/search.php?stext=veer-zaara,7.1,202
The World's Fastest Indian,2005,127,"Biography, Drama, Sport",7.8,Roger Donaldson,Anthony Hopkins,Diane Ladd,Iain Rea,Tessa Mitchell,51980,"5,128,124","Burt Munro. Un sueÃ±o, una leyenda","https://www.filmaffinity.com/es/search.php?stext=burt+munro.+un+sueÃ±o,+una+leyenda",6.7,2399
Diarios de motocicleta,2004,126,"Adventure, Biography, Drama",7.8,Walter Salles,Gael GarcÃÂ­a Bernal,Rodrigo De la Serna,MÃÂ­a Maestro,Mercedes MorÃÂ¡n,96703,"16,756,372",Diarios de motocicleta,https://www.filmaffinity.com/es/search.php?stext=diarios+de+motocicleta,7.3,52111
Lilja 4-ever,2002,109,"Crime, Drama",7.8,Lukas Moodysson,Oksana Akinshina,Artyom Bogucharskiy,Pavel Ponomaryov,Lyubov Agapova,42673,"181,655",Lilya Forever,https://www.filmaffinity.com/es/search.php?stext=lilya+forever,7.5,11823
Les triplettes de Belleville,2003,80,"Animation, Comedy, Drama",7.8,Sylvain Chomet,MichÃÂ¨le Caucheteux,Jean-Claude Donda,Michel Robin,Monica Viegas,50622,"7,002,255",Bienvenidos a Belleville,https://www.filmaffinity.com/es/search.php?stext=bienvenidos+a+belleville,7.5,13996
Gongdong gyeongbi guyeok JSA,2000,110,"Action, Drama, Thriller",7.8,Chan-wook Park,Lee Yeong-ae,Lee Byung-Hun,Kang-ho Song,Kim Tae-Woo,26518,,Joint Security Area,https://www.filmaffinity.com/es/search.php?stext=joint+security+area,7.2,4426
Wo hu cang long,2000,120,"Action, Adventure, Fantasy",7.8,Ang Lee,Yun-Fat Chow,Michelle Yeoh,Ziyi Zhang,Chen Chang,253228,"128,078,872",Tigre y dragÃ³n,https://www.filmaffinity.com/es/film488497.html,7.0,61728
Todo sobre mi madre,1999,101,Drama,7.8,Pedro AlmodÃÂ³var,Cecilia Roth,Marisa Paredes,Candela PeÃÂ±a,Antonia San Juan,89058,"8,264,530",Todo sobre mi madre,https://www.filmaffinity.com/es/search.php?stext=todo+sobre+mi+madre,7.1,75986
The Boondock Saints,1999,108,"Action, Crime, Thriller",7.8,Troy Duffy,Willem Dafoe,Sean Patrick Flanery,Norman Reedus,David Della Rocco,227143,"25,812",Los elegidos,https://www.filmaffinity.com/es/film108848.html,6.6,8707
October Sky,1999,108,"Biography, Drama, Family",7.8,Joe Johnston,Jake Gyllenhaal,Chris Cooper,Laura Dern,Chris Owen,82855,"32,481,825",October Sky,https://www.filmaffinity.com/es/search.php?stext=october+sky,6.9,3505
Hana-bi,1997,103,"Crime, Drama, Romance",7.8,Takeshi Kitano,Takeshi Kitano,Kayoko Kishimoto,Ren Osugi,Susumu Terajima,27712,"233,986",Hana-bi. Flores de fuego,https://www.filmaffinity.com/es/search.php?stext=hana-bi.+flores+de+fuego,7.3,11711
Gattaca,1997,106,"Drama, Sci-Fi, Thriller",7.8,Andrew Niccol,Ethan Hawke,Uma Thurman,Jude Law,Gore Vidal,280845,"12,339,633",Gattaca,https://www.filmaffinity.com/es/search.php?stext=gattaca,7.3,86530
What's Eating Gilbert Grape,1993,118,Drama,7.8,Lasse HallstrÃÂ¶m,Johnny Depp,Leonardo DiCaprio,Juliette Lewis,Mary Steenburgen,215034,"9,170,214",Â¿A quiÃ©n ama Gilbert Grape?,https://www.filmaffinity.com/es/film984814.html,7.1,22796
The Sandlot,1993,101,"Comedy, Drama, Family",7.8,David Mickey Evans,Tom Guiry,Mike Vitar,Art LaFleur,Patrick Renna,78963,"32,416,586",The Sandlot: Historia de un verano,https://www.filmaffinity.com/es/film341243.html,6.4,897
The Remains of the Day,1993,134,"Drama, Romance",7.8,James Ivory,Anthony Hopkins,Emma Thompson,John Haycraft,Christopher Reeve,66065,"22,954,968",Lo que queda del dÃ­a,https://www.filmaffinity.com/es/search.php?stext=lo+que+queda+del+dÃ­a,7.5,20183
Batman: Mask of the Phantasm,1993,76,"Animation, Action, Crime",7.8,Kevin Altieri,Boyd Kirkland,Frank Paur,Dan Riba,Eric Radomski,43690,"5,617,391","""AniMat's Classic Reviews"" Batman: Mask of the Phantasm",https://www.filmaffinity.com/es/film526741.html,6.6,4834
Back to the Future Part II,1989,108,"Adventure, Comedy, Sci-Fi",7.8,Robert Zemeckis,Michael J. Fox,Christopher Lloyd,Lea Thompson,Thomas F. Wilson,481918,"118,500,000",Regreso al futuro. Parte II,https://www.filmaffinity.com/es/film775323.html,7.2,64939
Mississippi Burning,1988,128,"Crime, Drama, History",7.8,Alan Parker,Gene Hackman,Willem Dafoe,Frances McDormand,Brad Dourif,88214,"34,603,943",Arde Mississippi,https://www.filmaffinity.com/es/search.php?stext=arde+mississippi,7.5,17896
Evil Dead II,1987,84,"Action, Comedy, Fantasy",7.8,Sam Raimi,Bruce Campbell,Sarah Berry,Dan Hicks,Kassie Wesley DePaiva,148359,"5,923,044",TerrorÃ­ficamente muertos,https://www.filmaffinity.com/es/film216255.html,6.8,14789
Ferris Bueller's Day Off,1986,103,Comedy,7.8,John Hughes,Matthew Broderick,Alan Ruck,Mia Sara,Jeffrey Jones,321382,"70,136,369",Todo en un dÃ­a,https://www.filmaffinity.com/es/film610406.html,6.4,11491
E.T. the Extra-Terrestrial,1982,115,"Family, Sci-Fi",7.8,Steven Spielberg,Henry Thomas,Drew Barrymore,Peter Coyote,Dee Wallace,372490,"435,110,554",E.T. El extraterrestre,https://www.filmaffinity.com/es/film627362.html,7.5,153635
Kramer vs. Kramer,1979,105,Drama,7.8,Robert Benton,Dustin Hoffman,Meryl Streep,Jane Alexander,Justin Henry,133351,"106,260,000",Kramer contra Kramer,https://www.filmaffinity.com/es/search.php?stext=kramer+contra+kramer,7.2,41994
Days of Heaven,1978,94,"Drama, Romance",7.8,Terrence Malick,Richard Gere,Brooke Adams,Sam Shepard,Linda Manz,52852,,DÃ­as del cielo,https://www.filmaffinity.com/es/search.php?stext=dÃ­as+del+cielo,7.3,8246
The Outlaw Josey Wales,1976,135,Western,7.8,Clint Eastwood,Clint Eastwood,Sondra Locke,Chief Dan George,Bill McKinney,65659,"31,800,000",El fuera de la ley,https://www.filmaffinity.com/es/film570984.html,7.4,9925
Midnight Cowboy,1969,113,Drama,7.8,John Schlesinger,Dustin Hoffman,Jon Voight,Sylvia Miles,John McGiver,101124,"44,785,053",Cowboy de medianoche,https://www.filmaffinity.com/es/search.php?stext=cowboy+de+medianoche,7.6,34683
Key Largo,1948,100,"Action, Crime, Drama",7.8,John Huston,Humphrey Bogart,Edward G. Robinson,Lauren Bacall,Lionel Barrymore,36995,,Cayo Largo,https://www.filmaffinity.com/es/search.php?stext=cayo+largo,7.9,18988
Deadpool 2,2018,119,"Action, Adventure, Comedy",7.7,David Leitch,Ryan Reynolds,Josh Brolin,Morena Baccarin,Julian Dennison,478586,"324,591,735",Deadpool 2,https://www.filmaffinity.com/es/film192757.html,6.8,29938
Mission: Impossible - Fallout,2018,147,"Action, Adventure, Thriller",7.7,Christopher McQuarrie,Tom Cruise,Henry Cavill,Ving Rhames,Simon Pegg,291257,"220,159,104",MisiÃ³n imposible: Fallout,https://www.filmaffinity.com/es/search.php?stext=misiÃ³n+imposible:+fallout,6.6,18450
En man som heter Ove,2015,116,"Comedy, Drama, Romance",7.7,Hannes Holm,Rolf LassgÃÂ¥rd,Bahar Pars,Filip Berg,Ida Engvoll,47444,"3,358,518",Un hombre llamado Ove,https://www.filmaffinity.com/es/search.php?stext=un+hombre+llamado+ove,6.7,4506
Kingsman: The Secret Service,2014,129,"Action, Adventure, Comedy",7.7,Matthew Vaughn,Colin Firth,Taron Egerton,Samuel L. Jackson,Michael Caine,590440,"128,261,724",Kingsman: Servicio secreto,https://www.filmaffinity.com/es/search.php?stext=kingsman:+servicio+secreto,6.8,39743
Me and Earl and the Dying Girl,2015,105,"Comedy, Drama",7.7,Alfonso Gomez-Rejon,Thomas Mann,RJ Cyler,Olivia Cooke,Nick Offerman,123210,"6,743,776","Yo, Ã©l y Raquel","https://www.filmaffinity.com/es/search.php?stext=yo,+Ã©l+y+raquel",7.1,13432
Birdman or (The Unexpected Virtue of Ignorance),2014,119,"Comedy, Drama",7.7,Alejandro G. IÃÂ±ÃÂ¡rritu,Michael Keaton,Zach Galifianakis,Edward Norton,Andrea Riseborough,580291,"42,340,598",Birdman o,https://www.filmaffinity.com/es/search.php?stext=birdman+o,7.0,73785
The Broken Circle Breakdown,2012,111,"Drama, Music, Romance",7.7,Felix van Groeningen,Veerle Baetens,Johan Heldenbergh,Nell Cattrysse,Geert Van Rampelberg,39379,"175,058",Alabama Monroe,https://www.filmaffinity.com/es/search.php?stext=alabama+monroe,7.2,10098
Captain America: The Winter Soldier,2014,136,"Action, Adventure, Sci-Fi",7.7,Anthony Russo,Joe Russo,Chris Evans,Samuel L. Jackson,Scarlett Johansson,736182,"259,766,572",CapitÃ¡n AmÃ©rica: El Soldado de Invierno,https://www.filmaffinity.com/es/film654236.html,6.6,41764
Star Trek Into Darkness,2013,132,"Action, Adventure, Sci-Fi",7.7,J.J. Abrams,Chris Pine,Zachary Quinto,Zoe Saldana,Benedict Cumberbatch,463188,"228,778,661",Star Trek: En la oscuridad,https://www.filmaffinity.com/es/search.php?stext=star+trek:+en+la+oscuridad,6.8,34289
Beasts of No Nation,2015,137,"Drama, War",7.7,Cary Joji Fukunaga,Abraham Attah,Emmanuel Affadzi,Ricky Adelayitor,Andrew Adote,73964,"83,861",Beasts of No Nation,https://www.filmaffinity.com/es/search.php?stext=beasts+of+no+nation,7.3,13682
The Social Network,2010,120,"Biography, Drama",7.7,David Fincher,Jesse Eisenberg,Andrew Garfield,Justin Timberlake,Rooney Mara,624982,"96,962,694",La red social,https://www.filmaffinity.com/es/film577699.html,6.8,94772
X: First Class,2011,131,"Action, Adventure, Sci-Fi",7.7,Matthew Vaughn,James McAvoy,Michael Fassbender,Jennifer Lawrence,Kevin Bacon,645512,"146,408,305",X-Men: Primera generaciÃ³n,https://www.filmaffinity.com/es/search.php?stext=x-men:+primera+generaciÃ³n,6.8,63312
Silver Linings Playbook,2012,122,"Comedy, Drama, Romance",7.7,David O. Russell,Bradley Cooper,Jennifer Lawrence,Robert De Niro,Jacki Weaver,661871,"132,092,958",El lado bueno de las cosas,https://www.filmaffinity.com/es/search.php?stext=el+lado+bueno+de+las+cosas,6.6,64403
(500) Days of Summer,2009,95,"Comedy, Drama, Romance",7.7,Marc Webb,Zooey Deschanel,Joseph Gordon-Levitt,Geoffrey Arend,ChloÃÂ« Grace Moretz,472242,"32,391,374",500) dÃ­as juntos,https://www.filmaffinity.com/es/search.php?stext=500)+dÃ­as+juntos,6.8,62362
Gake no ue no Ponyo,2008,101,"Animation, Adventure, Comedy",7.7,Hayao Miyazaki,Cate Blanchett,Matt Damon,Liam Neeson,Tomoko Yamaguchi,125317,"15,090,400",Ponyo en el acantilado,https://www.filmaffinity.com/es/search.php?stext=ponyo+en+el+acantilado,7.4,22235
Papurika,2006,90,"Animation, Drama, Fantasy",7.7,Satoshi Kon,Megumi Hayashibara,TÃÂ´ru Emori,Katsunosuke Hori,TÃÂ´ru Furuya,71379,"881,302","Paprika, detective de los sueÃ±os","https://www.filmaffinity.com/es/search.php?stext=paprika,+detective+de+los+sueÃ±os",7.3,13169
This Is England,2006,101,"Crime, Drama",7.7,Shane Meadows,Thomas Turgoose,Stephen Graham,Jo Hartley,Andrew Shim,115576,"327,919",This Is England,https://www.filmaffinity.com/es/film610190.html,7.2,32075
Efter brylluppet,2006,120,Drama,7.7,Susanne Bier,Mads Mikkelsen,Sidse Babett Knudsen,Rolf LassgÃÂ¥rd,Neeral Mulchandani,32001,"412,544",DespuÃ©s de la boda,https://www.filmaffinity.com/es/film709485.html,5.5,630
The Last King of Scotland,2006,123,"Biography, Drama, History",7.7,Kevin Macdonald,James McAvoy,Forest Whitaker,Gillian Anderson,Kerry Washington,175355,"17,605,861",El Ãºltimo rey de Escocia,https://www.filmaffinity.com/es/search.php?stext=el+Ãºltimo+rey+de+escocia,7.1,29418
Lucky Number Slevin,2006,110,"Action, Crime, Drama",7.7,Paul McGuigan,Josh Hartnett,Ben Kingsley,Morgan Freeman,Lucy Liu,299524,"22,494,487",El caso Slevin,https://www.filmaffinity.com/es/search.php?stext=el+caso+slevin,7.4,58463
Zwartboek,2006,145,"Drama, Thriller, War",7.7,Paul Verhoeven,Carice van Houten,Sebastian Koch,Thom Hoffman,Halina Reijn,72643,"4,398,392",El libro negro,https://www.filmaffinity.com/es/search.php?stext=el+libro+negro,7.0,18036
Kung fu,2004,99,"Action, Comedy, Fantasy",7.7,Stephen Chow,Stephen Chow,Wah Yuen,Qiu Yuen,Siu-Lung Leung,127250,"17,108,591",Kung Fu sion,https://www.filmaffinity.com/es/film358055.html,5.9,15053
The Bourne Supremacy,2004,108,"Action, Mystery, Thriller",7.7,Paul Greengrass,Matt Damon,Franka Potente,Joan Allen,Brian Cox,434841,"176,241,941",El mito de Bourne,https://www.filmaffinity.com/es/search.php?stext=el+mito+de+bourne,7.1,68246
The Machinist,2004,101,"Drama, Thriller",7.7,Brad Anderson,Christian Bale,Jennifer Jason Leigh,Aitana SÃÂ¡nchez-GijÃÂ³n,John Sharian,358432,"1,082,715",El maquinista,https://www.filmaffinity.com/es/film361537.html,7.1,53232
The Magdalene Sisters,2002,114,Drama,7.7,Peter Mullan,Eileen Walsh,Dorothy Duffy,Nora-Jane Noone,Anne-Marie Duff,25938,"4,890,878",Las hermanas de la Magdalena,https://www.filmaffinity.com/es/search.php?stext=las+hermanas+de+la+magdalena,7.3,5880
Good Bye Lenin!,2003,121,"Comedy, Drama, Romance",7.7,Wolfgang Becker,Daniel BrÃÂ¼hl,Katrin SaÃÂ,Chulpan Khamatova,Florian Lukas,137981,"4,064,200","Good bye, Lenin!","https://www.filmaffinity.com/es/search.php?stext=good+bye,+lenin!",7.6,76262
Adaptation.,2002,115,"Comedy, Drama",7.7,Spike Jonze,Nicolas Cage,Meryl Streep,Chris Cooper,Tilda Swinton,178565,"22,245,861",Adaptation,https://www.filmaffinity.com/es/film269833.html,7.1,41822
Black Hawk Down,2001,144,"Drama, History, War",7.7,Ridley Scott,Josh Hartnett,Ewan McGregor,Tom Sizemore,Eric Bana,364254,"108,638,745",Black Hawk derribado,https://www.filmaffinity.com/es/search.php?stext=black+hawk+derribado,6.9,52149
Road to Perdition,2002,117,"Crime, Drama, Thriller",7.7,Sam Mendes,Tom Hanks,Tyler Hoechlin,Rob Maxey,Liam Aiken,246840,"104,454,762",Camino a la perdiciÃ³n,https://www.filmaffinity.com/es/search.php?stext=camino+a+la+perdiciÃ³n,7.6,82888
Hedwig and the Angry Inch,2001,95,"Comedy, Drama, Music",7.7,John Cameron Mitchell,John Cameron Mitchell,Miriam Shor,Stephen Trask,Theodore Liscinski,31957,"3,029,081",Hedwig and the Angry Inch,https://www.filmaffinity.com/es/film854003.html,5.1,92
Vampire Hunter D: Bloodlust,2000,103,"Animation, Action, Fantasy",7.7,Yoshiaki Kawajiri,Andrew Philpot,John Rafter Lee,Pamela Adlon,Wendee Lee,29210,"151,086",Vampire hunter D: Bloodlust,https://www.filmaffinity.com/es/search.php?stext=vampire+hunter+d:+bloodlust,7.0,2854
Interstate 60: Episodes of the Road,2002,116,"Adventure, Comedy, Drama",7.7,Bob Gale,James Marsden,Gary Oldman,Kurt Russell,Matthew Edison,29999,,Interstate 60: Episodios de carretera,https://www.filmaffinity.com/es/film239328.html,6.8,3253
"South Park: Bigger, Longer & Uncut",1999,81,"Animation, Comedy, Fantasy",7.7,Trey Parker,Trey Parker,Matt Stone,Mary Kay Bergman,Isaac Hayes,192112,"52,037,603","South Park: MÃ¡s grande, mÃ¡s largo y sin cortes","https://www.filmaffinity.com/es/search.php?stext=south+park:+mÃ¡s+grande,+mÃ¡s+largo+y+sin+cortes",6.6,27639
Rushmore,1998,93,"Comedy, Drama, Romance",7.7,Wes Anderson,Jason Schwartzman,Bill Murray,Olivia Williams,Seymour Cassel,169229,"17,105,219",Academia Rushmore,https://www.filmaffinity.com/es/search.php?stext=academia+rushmore,6.8,13253
Being John Malkovich,1999,113,"Comedy, Drama, Fantasy",7.7,Spike Jonze,John Cusack,Cameron Diaz,Catherine Keener,John Malkovich,312542,"22,858,926",CÃ³mo ser John Malkovich,https://www.filmaffinity.com/es/search.php?stext=cÃ³mo+ser+john+malkovich,7.3,52410
Primal Fear,1996,129,"Crime, Drama, Mystery",7.7,Gregory Hoblit,Richard Gere,Laura Linney,Edward Norton,John Mahoney,189716,"56,116,183",Primal Fear,https://www.filmaffinity.com/es/search.php?stext=primal+fear,7.3,31503
Malcolm X,1992,202,"Biography, Drama, History",7.7,Spike Lee,Denzel Washington,Angela Bassett,Delroy Lindo,Spike Lee,85819,"48,169,908",Malcolm X,https://www.filmaffinity.com/es/film983882.html,6.3,97
Withnail & I,1987,107,"Comedy, Drama",7.7,Bruce Robinson,Richard E. Grant,Paul McGann,Richard Griffiths,Ralph Brown,40396,"1,544,889",Withnail y yo,https://www.filmaffinity.com/es/search.php?stext=withnail+y+yo,6.7,1566
The Purple Rose of Cairo,1985,82,"Comedy, Fantasy, Romance",7.7,Woody Allen,Mia Farrow,Jeff Daniels,Danny Aiello,Irving Metzman,47102,"10,631,333",La rosa pÃºrpura de El Cairo,https://www.filmaffinity.com/es/search.php?stext=la+rosa+pÃºrpura+de+el+cairo,7.6,28386
Star Trek II: The Wrath of Khan,1982,113,"Action, Adventure, Sci-Fi",7.7,Nicholas Meyer,William Shatner,Leonard Nimoy,DeForest Kelley,James Doohan,112704,"78,912,963",Star Trek II: La ira de Khan,https://www.filmaffinity.com/es/search.php?stext=star+trek+ii:+la+ira+de+khan,6.4,5298
Rupan sansei: Kariosutoro no shiro,1979,100,"Animation, Adventure, Family",7.7,Hayao Miyazaki,Yasuo Yamada,Eiko Masuyama,Kiyoshi Kobayashi,Makio Inoue,27014,,El castillo de Cagliostro,https://www.filmaffinity.com/es/search.php?stext=el+castillo+de+cagliostro,7.0,4644
Les yeux sans visage,1960,90,"Drama, Horror",7.7,Georges Franju,Pierre Brasseur,Alida Valli,Juliette Mayniel,Alexandre Rignault,27620,"52,709",Los ojos sin rostro,https://www.filmaffinity.com/es/search.php?stext=los+ojos+sin+rostro,7.4,5851
Rebel Without a Cause,1955,111,Drama,7.7,Nicholas Ray,James Dean,Natalie Wood,Sal Mineo,Jim Backus,83363,,Rebelde sin causa,https://www.filmaffinity.com/es/search.php?stext=rebelde+sin+causa,7.0,18607
Once Upon a Time... in Hollywood,2019,161,"Comedy, Drama",7.6,Quentin Tarantino,Leonardo DiCaprio,Brad Pitt,Margot Robbie,Emile Hirsch,551309,"142,502,728",Ãrase una vez en... Hollywood,https://www.filmaffinity.com/es/film169177.html,7.0,52296
The Florida Project,2017,111,Drama,7.6,Sean Baker,Brooklynn Prince,Bria Vinaite,Willem Dafoe,Christopher Rivera,95181,"5,904,366",The Florida Project,https://www.filmaffinity.com/es/search.php?stext=the+florida+project,7.1,16444
The Peanut Butter Falcon,2019,97,"Adventure, Comedy, Drama",7.6,Tyler Nilson,Michael Schwartz,Zack Gottsagen,Ann Owens,Dakota Johnson,66346,"13,122,642",La familia que tÃº eliges,https://www.filmaffinity.com/es/search.php?stext=la+familia+que+tÃº+eliges,6.4,2887
Bridge of Spies,2015,142,"Drama, History, Thriller",7.6,Steven Spielberg,Tom Hanks,Mark Rylance,Alan Alda,Amy Ryan,287659,"72,313,754",El puente de los espÃ­as,https://www.filmaffinity.com/es/search.php?stext=el+puente+de+los+espÃ­as,6.8,38626
Incredibles 2,2018,118,"Animation, Action, Adventure",7.6,Brad Bird,Craig T. Nelson,Holly Hunter,Sarah Vowell,Huck Milner,250057,"608,581,744",Los IncreÃ­bles 2,https://www.filmaffinity.com/es/film596458.html,6.7,23761
Leviafan,2014,140,"Crime, Drama",7.6,Andrey Zvyagintsev,Aleksey Serebryakov,Elena Lyadova,Roman Madyanov,Vladimir Vdovichenkov,49397,"1,092,800",LeviatÃ¡n,https://www.filmaffinity.com/es/film900794.html,7.2,6847
Philomena,2013,98,"Biography, Comedy, Drama",7.6,Stephen Frears,Judi Dench,Steve Coogan,Sophie Kennedy Clark,Mare Winningham,94212,"37,707,719",Philomena,https://www.filmaffinity.com/es/film400475.html,6.7,14123
Dawn of the Planet of the Apes,2014,130,"Action, Adventure, Drama",7.6,Matt Reeves,Gary Oldman,Keri Russell,Andy Serkis,Kodi Smit-McPhee,411599,"208,545,589",El amanecer del planeta de los simios,https://www.filmaffinity.com/es/search.php?stext=el+amanecer+del+planeta+de+los+simios,6.6,46051
Kari-gurashi no Arietti,2010,94,"Animation, Adventure, Family",7.6,Hiromasa Yonebayashi,Amy Poehler,Mirai Shida,RyÃÂ»nosuke Kamiki,Tatsuya Fujiwara,80939,"19,202,743",Arrietty y el mundo de los diminutos,https://www.filmaffinity.com/es/search.php?stext=arrietty+y+el+mundo+de+los+diminutos,7.2,9975
Celda 211,2009,113,"Action, Adventure, Crime",7.6,Daniel MonzÃÂ³n,Luis Tosar,Alberto Ammann,Antonio Resines,Manuel MorÃÂ³n,63882,,Celda 211,https://www.filmaffinity.com/es/search.php?stext=celda+211,7.7,119308
Moneyball,2011,133,"Biography, Drama, Sport",7.6,Bennett Miller,Brad Pitt,Robin Wright,Jonah Hill,Philip Seymour Hoffman,369529,"75,605,492",Moneyball: Rompiendo las reglas,https://www.filmaffinity.com/es/search.php?stext=moneyball:+rompiendo+las+reglas,6.7,36400
La piel que habito,2011,120,"Drama, Horror, Thriller",7.6,Pedro AlmodÃÂ³var,Antonio Banderas,Elena Anaya,Jan Cornet,Marisa Paredes,138959,"3,185,812",La piel que habito,https://www.filmaffinity.com/es/search.php?stext=la+piel+que+habito,6.6,56134
Seven Pounds,2008,123,Drama,7.6,Gabriele Muccino,Will Smith,Rosario Dawson,Woody Harrelson,Michael Ealy,286770,"69,951,824",Siete almas,https://www.filmaffinity.com/es/search.php?stext=siete+almas,7.1,61741
La Vie En Rose,2007,140,"Biography, Drama, Music",7.6,Olivier Dahan,Marion Cotillard,Sylvie Testud,Pascal Greggory,Emmanuelle Seigner,82781,"10,301,706","""SOKO Stuttgart"" La Vie En Rose",https://www.filmaffinity.com/es/film228749.html,7.1,13423
Lord of War,2005,122,"Action, Crime, Drama",7.6,Andrew Niccol,Nicolas Cage,Ethan Hawke,Jared Leto,Bridget Moynahan,294140,"24,149,632",El seÃ±or de la guerra,https://www.filmaffinity.com/es/film801934.html,7.2,56211
"Synecdoche, New York",2008,124,Drama,7.6,Charlie Kaufman,Philip Seymour Hoffman,Samantha Morton,Michelle Williams,Catherine Keener,83158,"3,081,925","Synecdoche, New York","https://www.filmaffinity.com/es/search.php?stext=synecdoche,+new+york",6.9,7484
Mysterious Skin,2004,105,Drama,7.6,Gregg Araki,Brady Corbet,Joseph Gordon-Levitt,Elisabeth Shue,Chase Ellison,65939,"697,181",Mysterious Skin,https://www.filmaffinity.com/es/search.php?stext=mysterious+skin,7.1,5705
The Station Agent,2003,89,"Comedy, Drama",7.6,Tom McCarthy,Peter Dinklage,Patricia Clarkson,Bobby Cannavale,Paul Benjamin,67370,"5,739,376",The Station Agent,https://www.filmaffinity.com/es/search.php?stext=the+station+agent,7.1,9244
21 Grams,2003,124,"Crime, Drama, Thriller",7.6,Alejandro G. IÃÂ±ÃÂ¡rritu,Sean Penn,Benicio Del Toro,Naomi Watts,Danny Huston,224545,"16,290,476",21 gramos,https://www.filmaffinity.com/es/search.php?stext=21+gramos,7.6,85275
Boksuneun naui geot,2002,129,"Crime, Drama, Thriller",7.6,Chan-wook Park,Kang-ho Song,Shin Ha-kyun,Bae Doona,Ji-Eun Lim,62659,"45,289",Sympathy for Mr. Vengeance,https://www.filmaffinity.com/es/search.php?stext=sympathy+for+mr.+vengeance,7.2,15558
Finding Neverland,2004,106,"Biography, Drama, Family",7.6,Marc Forster,Johnny Depp,Kate Winslet,Julie Christie,Radha Mitchell,198677,"51,680,613",Descubriendo Nunca JamÃ¡s,https://www.filmaffinity.com/es/search.php?stext=descubriendo+nunca+jamÃ¡s,7.2,50187
28 Days Later...,2002,113,"Drama, Horror, Sci-Fi",7.6,Danny Boyle,Cillian Murphy,Naomie Harris,Christopher Eccleston,Alex Palmer,376853,"45,064,915",28 dÃ­as despuÃ©s,https://www.filmaffinity.com/es/search.php?stext=28+dÃ­as+despuÃ©s,6.7,74810
Batoru rowaiaru,2000,114,"Action, Adventure, Drama",7.6,Kinji Fukasaku,Tatsuya Fujiwara,Aki Maeda,TarÃÂ´ Yamamoto,Takeshi Kitano,169091,,Battle Royale,https://www.filmaffinity.com/es/film800688.html,6.5,35138
The Royal Tenenbaums,2001,110,"Comedy, Drama",7.6,Wes Anderson,Gene Hackman,Gwyneth Paltrow,Anjelica Huston,Ben Stiller,266842,"52,364,010",Los Tenenbaums. Una familia de genios,https://www.filmaffinity.com/es/search.php?stext=los+tenenbaums.+una+familia+de+genios,6.9,29313
Enemy at the Gates,2001,131,"Drama, History, War",7.6,Jean-Jacques Annaud,Jude Law,Ed Harris,Joseph Fiennes,Rachel Weisz,243729,"51,401,758",Enemigo a las puertas,https://www.filmaffinity.com/es/search.php?stext=enemigo+a+las+puertas,7.6,81653
Lola rennt,1998,81,"Crime, Drama, Thriller",7.6,Tom Tykwer,Franka Potente,Moritz Bleibtreu,Herbert Knaup,Nina Petri,188317,"7,267,585","Corre Lola, corre","https://www.filmaffinity.com/es/search.php?stext=corre+lola,+corre",7.1,33813
Fear and Loathing in Las Vegas,1998,118,"Adventure, Comedy, Drama",7.6,Terry Gilliam,Johnny Depp,Benicio Del Toro,Tobey Maguire,Michael Lee Gogin,259753,"10,680,275",Miedo y asco en Las Vegas,https://www.filmaffinity.com/es/search.php?stext=miedo+y+asco+en+las+vegas,6.8,56655
Lost Highway,1997,134,"Mystery, Thriller",7.6,David Lynch,Bill Pullman,Patricia Arquette,John Roselius,Louis Eppolito,131101,"3,796,699",Lost Highway,https://www.filmaffinity.com/es/search.php?stext=lost+highway,7.4,31351
Dead Man,1995,121,"Adventure, Drama, Fantasy",7.6,Jim Jarmusch,Johnny Depp,Gary Farmer,Crispin Glover,Lance Henriksen,90442,"1,037,847","""AÃ­da"" Dead Man",https://www.filmaffinity.com/es/film711519.html,6.9,14710
The Bridges of Madison County,1995,135,"Drama, Romance",7.6,Clint Eastwood,Clint Eastwood,Meryl Streep,Annie Corley,Victor Slezak,73172,"71,516,617",Los puentes de Madison,https://www.filmaffinity.com/es/film983192.html,7.5,75885
Trois couleurs: Blanc,1994,92,"Comedy, Drama, Romance",7.6,Krzysztof Kieslowski,Zbigniew Zamachowski,Julie Delpy,Janusz Gajos,Jerzy Stuhr,64390,"1,464,625",Tres colores: Blanco,https://www.filmaffinity.com/es/search.php?stext=tres+colores:+blanco,7.2,14979
Dazed and Confused,1993,102,Comedy,7.6,Richard Linklater,Jason London,Wiley Wiggins,Matthew McConaughey,Rory Cochrane,165465,"7,993,039",Movida del 76,https://www.filmaffinity.com/es/search.php?stext=movida+del+76,6.5,6685
The Naked Gun: From the Files of Police Squad!,1988,85,"Comedy, Crime",7.6,David Zucker,Leslie Nielsen,Priscilla Presley,O.J. Simpson,Ricardo Montalban,152871,"78,756,177",AgÃ¡rralo como puedas,https://www.filmaffinity.com/es/film709700.html,6.2,24059
"Planes, Trains & Automobiles",1987,93,"Comedy, Drama",7.6,John Hughes,Steve Martin,John Candy,Laila Robins,Michael McKean,124773,"49,530,280",Mejor solo que mal acompaÃ±ado,https://www.filmaffinity.com/es/search.php?stext=mejor+solo+que+mal+acompaÃ±ado,6.0,5484
Mad Max 2,1981,96,"Action, Adventure, Sci-Fi",7.6,George Miller,Mel Gibson,Bruce Spence,Michael Preston,Max Phipps,166588,"12,465,371","Mad Max 2, el guerrero de la carretera","https://www.filmaffinity.com/es/search.php?stext=mad+max+2,+el+guerrero+de+la+carretera",6.6,22536
The Muppet Movie,1979,95,"Adventure, Comedy, Family",7.6,James Frawley,Jim Henson,Frank Oz,Jerry Nelson,Richard Hunt,32802,"76,657,000",La pelÃ­cula de los TeleÃ±ecos,https://www.filmaffinity.com/es/search.php?stext=la+pelÃ­cula+de+los+teleÃ±ecos,5.7,1033
Close Encounters of the Third Kind,1977,138,"Drama, Sci-Fi",7.6,Steven Spielberg,Richard Dreyfuss,FranÃÂ§ois Truffaut,Teri Garr,Melinda Dillon,184966,"132,088,635",Encuentros en la tercera fase,https://www.filmaffinity.com/es/film941282.html,7.3,58023
Blowup,1966,111,"Drama, Mystery, Thriller",7.6,Michelangelo Antonioni,David Hemmings,Vanessa Redgrave,Sarah Miles,John Castle,56513,,Blow-Up,https://www.filmaffinity.com/es/film488376.html,7.0,14152
Breakfast at Tiffany's,1961,115,"Comedy, Drama, Romance",7.6,Blake Edwards,Audrey Hepburn,George Peppard,Patricia Neal,Buddy Ebsen,166544,,Desayuno con diamantes,https://www.filmaffinity.com/es/search.php?stext=desayuno+con+diamantes,7.7,69033
